timestamp,total_operations_per_sec,successful_operations_per_sec,failed_operations_per_sec,availability_percentage,avg_latency_ms,p95_latency_ms,p99_latency_ms,total_nodes,alive_nodes,storage_used_gb,storage_total_gb,storage_utilization_percent,network_in_mbps,network_out_mbps,cache_hit_rate_percent,replication_factor,data_durability_percent,is_peak_hour,hour_of_day,day_of_week,weekend
2024-01-01 00:00:00,3041,3023,18,100.0,5.832603142420298,19.393324267344894,36.45829933972773,6,6,101.70236572480358,500,20.340473144960715,1391.2614079507234,1092.205099159503,98.41199509374404,3,99.99841493951457,False,0,0,False
2024-01-01 01:00:00,3347,3318,29,100.0,6.358857009899959,17.066760707589747,38.78066787395291,6,6,103.7905925047112,500,20.758118500942242,1681.1355229318049,858.2492801014721,97.3659905161461,3,99.99896077513907,False,1,0,False
2024-01-01 02:00:00,2838,2806,32,100.0,7.048335480534654,12.245884275147251,26.922538849775826,6,6,101.60702558645984,500,20.321405117291967,1498.259867233482,836.4972060366498,93.65461522588674,3,99.99817119929182,False,2,0,False
2024-01-01 03:00:00,3943,3909,34,100.0,7.4328856878347915,11.922862022890497,26.254556915447658,6,6,102.89073575043206,500,20.578147150086412,2280.713034651447,1342.506533237637,90.0856803450435,3,99.99850752944751,False,3,0,False
2024-01-01 04:00:00,2308,2301,7,100.0,5.2756579869472375,17.100515527576174,39.3863231464066,6,6,98.12848071148642,500,19.625696142297283,1222.5393743749744,614.97474026805,97.85406698787662,3,99.99886713628374,False,4,0,False
2024-01-01 05:00:00,2027,2019,8,100.0,6.83488964825427,12.096276724686053,35.077601951721,6,6,103.32054013088371,500,20.66410802617674,956.0834554764853,502.2063919006304,91.0927369546814,3,99.99901343274601,False,5,0,False
2024-01-01 06:00:00,2975,2940,35,100.0,5.607945175963729,15.303172999578491,38.95166270338955,6,6,104.29132528656709,500,20.858265057313417,1708.0412507419371,933.8394022815759,90.65882769821015,3,99.99867070847274,False,6,0,False
2024-01-01 07:00:00,1900,1884,16,100.0,6.788766454664404,18.525576946781012,37.247733609788156,6,6,99.71077632134946,500,19.942155264269893,1093.7187685577887,535.6956833558678,93.46206628474228,3,99.99989554606006,False,7,0,False
2024-01-01 08:00:00,3378,3343,35,100.0,7.425880581600799,13.506878291602487,36.86867246309655,6,6,101.44119031852708,500,20.288238063705418,1582.5468036044197,1188.3215077318575,91.64812446448455,3,99.9983103582468,False,8,0,False
2024-01-01 09:00:00,10380,10295,85,100.0,8.508992450246227,25.63715552956211,45.30839117151565,6,6,106.23384174341535,500,21.24676834868307,5810.49054028891,3440.1916442160996,95.39337393968252,3,99.99939042346551,True,9,0,False
2024-01-01 10:00:00,9966,9912,54,100.0,13.744390160603935,32.438500641917685,50.72139837532528,6,6,109.46924673524833,500,21.893849347049667,4979.234484590304,2645.052371890936,93.36248481122713,3,99.99858408766191,True,10,0,False
2024-01-01 11:00:00,14952,14861,91,100.0,10.754754518589266,31.756733670817567,47.60032882293948,6,6,102.27571555756552,500,20.455143111513106,8093.68042751582,3935.141186920778,89.65601186649477,3,99.99904354096097,True,11,0,False
2024-01-01 12:00:00,11659,11616,43,100.0,13.681691857569547,22.05577272052885,53.70446400951596,6,6,108.60922678089987,500,21.721845356179976,5420.93144964518,3246.040642338089,90.99550513723038,3,99.99937762991235,True,12,0,False
2024-01-01 13:00:00,10986,10943,43,100.0,14.946499033433643,32.55895797878015,50.42509572537554,6,6,108.48920075834207,500,21.697840151668412,5379.531910144355,3111.7231014915874,85.11503053397449,3,99.99940814503061,True,13,0,False
2024-01-01 14:00:00,10281,10145,136,100.0,14.85425510527524,23.22982597345037,58.91169090729544,6,6,104.89791789650697,500,20.979583579301394,5971.777501952858,3644.468768472452,91.77143802548345,3,99.99974105122949,True,14,0,False
2024-01-01 15:00:00,12670,12582,88,100.0,11.837596453451456,31.046284340851106,58.520978613904475,6,6,108.62210408294969,500,21.724420816589937,6716.414496728253,3465.8654470574247,96.45992143849249,3,99.9989298510116,True,15,0,False
2024-01-01 16:00:00,13911,13810,101,100.0,12.483246383063134,34.52540598968088,56.23560593449049,6,6,109.62907348985637,500,21.925814697971273,7557.516541635261,4367.236524726809,97.59243193695104,3,99.99811471535337,True,16,0,False
2024-01-01 17:00:00,11691,11549,142,100.0,9.609617500548884,23.81953213352494,47.931649789138994,6,6,114.0150419440265,500,22.803008388805303,7005.368960101537,3608.9625790028404,94.73440916084992,3,99.99853911980061,True,17,0,False
2024-01-01 18:00:00,10174,10038,136,100.0,13.520241859862232,28.31561173482926,49.55660381317139,6,6,113.21885233081636,500,22.64377046616327,5733.765488081882,2874.8140200325824,89.93172287499382,3,99.99866643774382,True,18,0,False
2024-01-01 19:00:00,3528,3496,32,100.0,3.769274204184294,12.639552077644051,33.81923271670981,6,6,115.2202017068038,500,23.044040341360763,1436.7634548416104,1197.3567390371627,90.84765566827888,3,99.99913065279026,False,19,0,False
2024-01-01 20:00:00,3453,3404,49,100.0,3.5863643773111256,18.40245247715248,34.19277505589058,6,6,113.20490574796227,500,22.640981149592456,1869.1556826286849,1089.8567578033376,98.06794180926457,3,99.99930927861278,False,20,0,False
2024-01-01 21:00:00,1928,1901,27,100.0,6.486837550041575,19.67404505965972,35.80935422288604,6,6,108.14511570332324,500,21.62902314066465,807.9671508255836,673.9821866513958,98.83814756522199,3,99.99955562102264,False,21,0,False
2024-01-01 22:00:00,2254,2234,20,100.0,3.7922740372171577,17.472697973544378,28.804992200253757,6,6,118.34943223207037,500,23.669886446414072,1260.6125776642075,744.4251452324371,93.0098159538266,3,99.9984557032117,False,22,0,False
2024-01-01 23:00:00,1550,1537,13,100.0,3.6946816839960306,10.685521780855778,25.76524962940062,6,6,117.18882536237768,500,23.437765072475536,895.4694014089996,432.7107018591616,93.66508213844243,3,99.99896887244459,False,23,0,False
2024-01-02 00:00:00,2521,2495,26,100.0,4.479538343249178,17.566534241909032,35.937876151735715,6,6,116.4807229441762,500,23.296144588835237,1035.3219486491373,780.0269046377565,94.24452126517683,3,99.998560467818,False,0,1,False
2024-01-02 01:00:00,2272,2251,21,100.0,4.552938598109287,18.04438424809083,33.088337436263494,6,6,115.68724114712208,500,23.137448229424415,1351.917581101747,580.2136799388267,91.36987976274338,3,99.99956551440911,False,1,1,False
2024-01-02 02:00:00,1938,1923,15,100.0,5.914731692747054,19.491836406961028,28.022158955975016,6,6,115.20027608826798,500,23.040055217653595,1067.262099976217,638.7181345230357,96.2152710687774,3,99.99993122652482,False,2,1,False
2024-01-02 03:00:00,2364,2329,35,100.0,5.84444309907162,14.260274817866208,30.710714223410505,6,6,117.56653006652256,500,23.51330601330451,1154.7457474828643,677.499960213692,91.48849199016996,3,99.9986310140863,False,3,1,False
2024-01-02 04:00:00,1543,1534,9,100.0,6.468839197737433,16.52719898801617,25.898100039604167,6,6,117.595298895025,500,23.519059779005,821.6800816773598,532.2705006552396,91.09507115451906,3,99.99928095952069,False,4,1,False
2024-01-02 05:00:00,2442,2416,26,100.0,6.252816936721652,16.303434184039652,25.410405902485444,6,6,113.18407874788298,500,22.636815749576595,1285.5923185173206,761.2640552157054,92.7744239200616,3,99.99803119999055,False,5,1,False
2024-01-02 06:00:00,2860,2834,26,100.0,4.985842053217434,19.33454351793826,35.89745271375219,6,6,119.27448753038995,500,23.85489750607799,1252.4447341985983,690.1496428376403,91.74358133449874,3,99.99881033695424,False,6,1,False
2024-01-02 07:00:00,3186,3169,17,100.0,5.652595998709331,19.334726479801756,37.06325589483675,6,6,118.33118089228607,500,23.666236178457215,1702.7805985507941,1077.706191383104,90.58320977553956,3,99.99971828437532,False,7,1,False
2024-01-02 08:00:00,3082,3064,18,100.0,5.145493307000526,11.256598947303006,27.411282076066644,6,6,121.69094106986502,500,24.338188213973,1323.3986681131953,1000.5045434477111,94.62239266155078,3,99.99850885139969,False,8,1,False
2024-01-02 09:00:00,9200,9115,85,100.0,9.440653908777836,22.68851869374305,49.83167346908303,6,6,125.25122040933337,500,25.050244081866673,5114.325281762705,2808.038679640217,89.29538040823418,3,99.99837300931394,True,9,1,False
2024-01-02 10:00:00,8744,8655,89,100.0,11.489449790883683,27.21649454846402,44.39892261018789,6,6,125.39391349335415,500,25.07878269867083,4716.984548926983,2780.1277160425084,91.58574234015077,3,99.99939698927697,True,10,1,False
2024-01-02 11:00:00,6758,6709,49,100.0,12.755650170726653,33.34107686692076,44.13149838953824,6,6,115.82579470636175,500,23.16515894127235,3785.29814448286,2115.2433648549613,86.40649174041542,3,99.9986101380756,True,11,1,False
2024-01-02 12:00:00,6978,6884,94,100.0,14.516735343593144,33.459607111531525,46.22788636407077,6,6,127.31593310686749,500,25.463186621373495,3272.8577152589214,2025.3695455902493,92.741572992653,3,99.99835132778885,True,12,1,False
2024-01-02 13:00:00,8280,8251,29,100.0,8.965844338979055,21.883886320331758,43.74062074099154,6,6,121.13312009632598,500,24.2266240192652,3998.205632154546,2627.1363682155934,95.32835409500781,3,99.99982680863387,True,13,1,False
2024-01-02 14:00:00,8724,8705,19,100.0,14.207760588155683,25.212091294513634,56.33304409557928,6,6,119.86680301272861,500,23.97336060254572,5142.997851574332,3120.414971210977,97.19024821826603,3,99.99910332817076,True,14,1,False
2024-01-02 15:00:00,8679,8642,37,100.0,8.059156275200849,31.79768600180936,58.42933298137259,6,6,124.03407226283456,500,24.80681445256691,4817.593744204324,2491.4189310907186,93.95835653534057,3,99.999379640879,True,15,1,False
2024-01-02 16:00:00,8400,8307,93,100.0,11.281305852873864,25.66533344152691,46.6943066388867,6,6,119.78463996524775,500,23.95692799304955,3532.2855286164563,2501.829379113175,95.82119114112015,3,99.99844276434199,True,16,1,False
2024-01-02 17:00:00,9082,9057,25,100.0,8.885449289364052,21.762118547590518,41.087475541508304,6,6,119.32565881994968,500,23.865131763989936,4306.960652438252,2641.6360654441205,93.70151085160957,3,99.99958454439479,True,17,1,False
2024-01-02 18:00:00,7169,7126,43,100.0,13.046600490955425,27.18668267481157,46.698153464901914,6,6,121.65849697248723,500,24.33169939449745,4268.584877209506,2450.8263417084477,88.46337575193289,3,99.99910286092596,True,18,1,False
2024-01-02 19:00:00,1007,1004,3,100.0,6.8346656261004455,14.8236163914634,32.34572256318384,6,6,126.20220952727712,500,25.240441905455423,569.9353193321202,285.47609225686836,98.74885921157816,3,99.9998265333214,False,19,1,False
2024-01-02 20:00:00,3719,3686,33,100.0,3.722655265750127,16.71877382970709,25.18613132195616,6,6,130.70718790328544,500,26.14143758065709,1654.8490381354848,1059.5657280958585,93.53256217338989,3,99.99930439188613,False,20,1,False
2024-01-02 21:00:00,1035,1021,14,100.0,6.441885288241698,11.064869849977137,31.167406528877457,6,6,124.22245746963945,500,24.84449149392789,615.9500636584353,335.3909862119492,91.96842325373112,3,99.99862550530189,False,21,1,False
2024-01-02 22:00:00,944,941,3,100.0,5.576984805595107,10.004510504856537,30.031122214010768,6,6,133.55013073923809,500,26.710026147847614,463.03803493204254,259.84962283213986,97.67489745707303,3,99.99968711117994,False,22,1,False
2024-01-02 23:00:00,3014,3005,9,100.0,3.7386115705591187,15.941880534201777,29.185568447068164,6,6,127.41551385085887,500,25.483102770171772,1732.28959272363,1000.5451495611909,90.14796861506616,3,99.99968413805551,False,23,1,False
2024-01-03 00:00:00,1444,1435,9,100.0,3.4603435515796948,19.650634934161243,34.05522882115168,6,6,130.48034859711615,500,26.09606971942323,774.8599446715266,436.52822473991694,91.26499340399226,3,99.99978003534774,False,0,2,False
2024-01-03 01:00:00,2367,2338,29,100.0,4.522810601933945,18.229318294193067,31.951959320117016,6,6,122.76178219564012,500,24.552356439128026,982.5886747215134,710.032116649661,92.90703892750578,3,99.99824433386993,False,1,2,False
2024-01-03 02:00:00,2955,2948,7,100.0,3.0845497742416548,10.187860591576992,34.25834098642162,6,6,127.0891982700188,500,25.41783965400376,1645.6510292703035,890.8107327604238,94.00518649199489,3,99.99875344806479,False,2,2,False
2024-01-03 03:00:00,3065,3021,44,100.0,7.829303844929368,19.527623613968117,27.871174693951787,6,6,131.5932240665369,500,26.31864481330738,1464.8574227103095,883.2543383090062,94.83416289269289,3,99.99948085813807,False,3,2,False
2024-01-03 04:00:00,2944,2907,37,100.0,5.382589969972253,16.47118173035732,39.31439414440914,6,6,135.12187876499095,500,27.024375752998193,1291.378569123543,972.4285577681327,95.56728203011481,3,99.9993231840888,False,4,2,False
2024-01-03 05:00:00,2259,2244,15,100.0,4.247831063909893,10.030018431474808,33.55280543532325,6,6,134.62641584134073,500,26.925283168268145,1010.7830530039771,695.2582744131239,97.23763958393096,3,99.99911698920309,False,5,2,False
2024-01-03 06:00:00,4440,4407,33,100.0,6.474736517065181,17.360771147660188,38.00115257241727,6,6,134.99583863763561,500,26.999167727527123,2281.6187705070265,1406.72264119901,97.05838433459995,3,99.9989800714467,False,6,2,False
2024-01-03 07:00:00,4072,4063,9,100.0,6.467641538133478,14.527505565066608,32.0435253721712,6,6,135.92607209840833,500,27.185214419681664,1778.0463025195284,1296.8097865390512,95.59662847376136,3,99.9986159375282,False,7,2,False
2024-01-03 08:00:00,2397,2389,8,100.0,5.710449079377696,13.880311332383165,32.35899620637889,6,6,136.97000352725183,500,27.394000705450367,1118.8232212733571,602.8532152214149,98.92016018611032,3,99.9997321486765,False,8,2,False
2024-01-03 09:00:00,12862,12784,78,100.0,9.064134950192763,29.34497395633232,57.706393810510946,6,6,136.10989532472158,500,27.221979064944314,5996.831078408903,3836.5994102125014,90.49264754114392,3,99.99939100487352,True,9,2,False
2024-01-03 10:00:00,12319,12220,99,100.0,8.300355125536806,30.577648715616416,54.36459335104833,6,6,140.7815632088566,500,28.15631264177132,6248.852024730234,3989.6624855173964,87.8196397337819,3,99.99973634438277,True,10,2,False
2024-01-03 11:00:00,14674,14640,34,100.0,8.075422786638349,22.21171387891684,42.53189930622371,6,6,137.51213737508212,500,27.50242747501642,6991.493805265655,3877.3978782514014,86.75137705585402,3,99.99878461223771,True,11,2,False
2024-01-03 12:00:00,12006,11833,173,100.0,8.058115746062864,28.797646293174367,43.9386869250615,6,6,136.22582577088517,500,27.24516515417703,5956.003850123583,3018.1993085711492,90.60919519845345,3,99.99915940668686,True,12,2,False
2024-01-03 13:00:00,12361,12249,112,100.0,12.278038818946246,29.03305138030762,55.46338860037238,6,6,135.0642395741561,500,27.012847914831216,7361.28900851353,4387.516187393779,93.44509830239336,3,99.99995387150064,True,13,2,False
2024-01-03 14:00:00,12100,11987,113,100.0,9.77368116300279,24.034842871779247,49.59497782859851,6,6,137.12697745660378,500,27.42539549132076,7193.002727402764,3778.8748960706635,92.3068727669681,3,99.99804413029196,True,14,2,False
2024-01-03 15:00:00,14765,14583,182,100.0,14.393212085551855,30.87820455296169,48.819215366131736,6,6,136.07651037488893,500,27.21530207497779,6838.552474839419,3725.5389966285143,86.75449452968182,3,99.99900041370358,True,15,2,False
2024-01-03 16:00:00,12688,12629,59,100.0,14.007520610495376,32.35244308960178,58.924852183151344,6,6,142.2220008101815,500,28.4444001620363,7377.42165602194,4123.432753211303,95.88291394419005,3,99.99962926840777,True,16,2,False
2024-01-03 17:00:00,9856,9829,27,100.0,8.192542458074822,24.579593736536754,49.55481646553875,6,6,144.71279237235075,500,28.942558474470147,4394.030031026272,3064.2180005570744,92.17976936585418,3,99.99824485567788,True,17,2,False
2024-01-03 18:00:00,12249,12200,49,100.0,13.323754258242873,20.907373354108785,54.044820936451174,6,6,136.06246237986474,500,27.21249247597295,6743.055033674719,3289.388739480199,85.41742590232835,3,99.99840233344489,True,18,2,False
2024-01-03 19:00:00,4456,4408,48,100.0,6.619328527589242,13.518970789483845,32.090664306149705,6,6,136.05855573692315,500,27.211711147384634,2659.2883859926715,1170.8119272905196,97.54342225864761,3,99.99883683077115,False,19,2,False
2024-01-03 20:00:00,2026,2018,8,100.0,6.77262287378622,15.5234584707216,32.22933405714002,6,6,145.24411922034562,500,29.048823844069126,819.6170873809568,700.7564726470109,94.2543368613266,3,99.99923436274887,False,20,2,False
2024-01-03 21:00:00,3212,3204,8,100.0,7.305135949646642,16.217433810661554,25.37338767328032,6,6,136.4531252752914,500,27.290625055058282,1782.810408260747,904.1696878860938,94.07826575693939,3,99.9998648999591,False,21,2,False
2024-01-03 22:00:00,2805,2781,24,100.0,4.085988708233058,12.382006850878378,33.52603526937287,6,6,141.0589757152516,500,28.211795143050317,1244.7572483660163,872.1625887625504,96.27998218813929,3,99.99896885658343,False,22,2,False
2024-01-03 23:00:00,2247,2220,27,100.0,4.632555216454012,13.216830567882587,34.788831780998855,6,6,141.1865112240165,500,28.237302244803296,1310.8272108078784,619.0108769755743,94.49602779304357,3,99.99892655405361,False,23,2,False
2024-01-04 00:00:00,2235,2220,15,100.0,6.348469741888122,13.775396741158819,37.46172505854473,6,6,142.4794850106299,500,28.49589700212598,903.7718170650015,718.8581228654024,95.36076104104866,3,99.99820242947258,False,0,3,False
2024-01-04 01:00:00,2541,2519,22,100.0,6.268793839648456,12.74911650279667,29.414153799193997,6,6,147.6220127647038,500,29.524402552940764,1412.6049562523342,835.2563884979163,92.90742200681112,3,99.9999772638313,False,1,3,False
2024-01-04 02:00:00,1437,1426,11,100.0,4.608563814030086,13.143706667575508,30.836884209525632,6,6,151.17567028512573,500,30.23513405702515,647.4231926562626,477.4920439910827,92.06020418339659,3,99.99957610517689,False,2,3,False
2024-01-04 03:00:00,1181,1175,6,100.0,3.1572953024933526,14.976308075795727,30.287236116669604,6,6,144.72126507018135,500,28.94425301403627,500.2020840149538,414.6253624257354,90.22024443223462,3,99.99861352177743,False,3,3,False
2024-01-04 04:00:00,2485,2449,36,100.0,6.003966834269098,15.352329968510627,33.79951458633812,6,6,147.71222643242936,500,29.542445286485876,1158.1898851738506,786.8778130664717,90.64483594201317,3,99.9996672239479,False,4,3,False
2024-01-04 05:00:00,1220,1216,4,100.0,3.6305326784487635,19.68772454757614,27.473844747142657,6,6,143.87435955752963,500,28.77487191150593,655.88469820575,344.27302312470107,93.62979272249292,3,99.99943962154536,False,5,3,False
2024-01-04 06:00:00,3181,3136,45,100.0,4.029786940896502,13.529461502651461,30.21448734318868,6,6,150.28545392304463,500,30.057090784608924,1890.4009680021472,990.5289829237616,92.15359532818096,3,99.99934793149568,False,6,3,False
2024-01-04 07:00:00,925,922,3,100.0,3.5983062231720346,17.664305364912515,26.300921003626552,6,6,151.62648713089183,500,30.325297426178366,525.9391016592033,323.0959067710268,90.51861889474876,3,99.9985242408914,False,7,3,False
2024-01-04 08:00:00,1764,1749,15,100.0,3.0793664488335386,17.7348123546871,32.29569269044556,6,6,154.46048032190214,500,30.892096064380425,708.8533666437602,603.0725949939728,92.05584777666233,3,99.99876004165598,False,8,3,False
2024-01-04 09:00:00,7262,7155,107,100.0,14.851446818495475,24.794509359887215,49.74605713175754,6,6,153.24741821221758,500,30.649483642443514,3011.9610762003863,1863.1523481019112,86.02829585924162,3,99.99808173995969,True,9,3,False
2024-01-04 10:00:00,8488,8454,34,100.0,10.536494276933755,34.71335054905052,42.079243838203986,6,6,154.1279479899201,500,30.82558959798402,3462.92247316252,2560.907994270013,87.29665886907763,3,99.99870049357416,True,10,3,False
2024-01-04 11:00:00,8271,8200,71,100.0,11.679112056020724,30.701931196770023,54.62304890440225,6,6,151.22539232885083,500,30.245078465770163,4058.62978053087,2007.8785073316328,92.7719557896454,3,99.99813654619294,True,11,3,False
2024-01-04 12:00:00,7840,7816,24,100.0,11.082698326815276,33.91323499768179,48.0547377927916,6,6,157.14611352659605,500,31.42922270531921,4565.929330817712,2731.4714411199902,90.4766665221233,3,99.99806460320423,True,12,3,False
2024-01-04 13:00:00,6326,6280,46,100.0,10.300162389867179,29.199899187799254,46.62322087727023,6,6,153.94123602625123,500,30.788247205250247,2882.7117000723465,2058.097005653873,93.62990687769883,3,99.99905591122622,True,13,3,False
2024-01-04 14:00:00,7229,7189,40,100.0,9.796200118368898,33.23243588166438,50.83924572233171,6,6,157.8168438986377,500,31.56336877972754,4268.774333961766,2445.869641195256,93.40491304546421,3,99.99901084288422,True,14,3,False
2024-01-04 15:00:00,9730,9605,125,100.0,8.938984426684007,23.4165480666439,59.88201199785931,6,6,155.60377679768771,500,31.120755359537544,4858.546710144805,3288.5978845487284,86.648741298092,3,99.99978214529,True,15,3,False
2024-01-04 16:00:00,8627,8538,89,100.0,9.95112631965668,27.084389529496367,59.92769034545227,6,6,150.46058638405015,500,30.092117276810026,3596.55649158308,2200.878185875295,85.39715364241364,3,99.99857292699448,True,16,3,False
2024-01-04 17:00:00,8043,7980,63,100.0,12.138739201956184,22.973839504601635,45.77546628205537,6,6,155.2821706628599,500,31.05643413257198,3793.103444888329,2046.368871896043,91.79913728511066,3,99.99819035527678,True,17,3,False
2024-01-04 18:00:00,7651,7601,50,83.33333333333334,14.234196340023692,29.02025255541143,48.144284643043875,6,5,146.83569522461022,500,29.36713904492204,4373.335636567972,2387.847961940362,96.29547741808182,3,99.99949804248223,True,18,3,False
2024-01-04 19:00:00,2692,2671,21,100.0,3.636532147686735,19.890704285419858,26.776697685301134,6,6,161.46628569753184,500,32.29325713950637,1569.5510090692096,932.2458144530253,97.40327306633493,3,99.99840849003301,False,19,3,False
2024-01-04 20:00:00,3679,3664,15,100.0,7.74439868933881,10.415479215389261,32.0676816389701,6,6,152.6734158734338,500,30.534683174686762,1880.331214238533,913.0153478838592,93.28565496486321,3,99.99930109608663,False,20,3,False
2024-01-04 21:00:00,3334,3308,26,83.33333333333334,6.597977097828716,15.954109965852487,39.18482830411884,6,5,148.15996353641967,500,29.63199270728393,1877.0523088647378,805.3247083280883,92.09095539406368,3,99.99868575408141,False,21,3,False
2024-01-04 22:00:00,1707,1700,7,100.0,7.943110754961422,17.069199949456838,26.215974975908807,6,6,148.88033511192629,500,29.776067022385256,840.1916880212658,580.8030057133992,98.8587780582079,3,99.99978006726238,False,22,3,False
2024-01-04 23:00:00,2635,2619,16,100.0,5.036722287810772,14.479533239145598,34.24512298101286,6,6,159.8940550109642,500,31.978811002192835,1112.4432521621993,718.177586246334,93.11193895762753,3,99.99898645885798,False,23,3,False
2024-01-05 00:00:00,2463,2447,16,100.0,5.291698425250995,19.238268633838302,33.75560721426113,6,6,158.4594745639971,500,31.691894912799423,1277.4406181308902,764.0287865881949,94.34725865232225,3,99.99988470455472,False,0,4,False
2024-01-05 01:00:00,2904,2896,8,100.0,3.337797065593584,17.70731356093207,33.108171904604916,6,6,162.83461474827416,500,32.56692294965483,1587.189501110584,997.5836098536602,96.08624369944098,3,99.99992500076962,False,1,4,False
2024-01-05 02:00:00,3105,3072,33,100.0,5.339584807183451,11.872171717714844,32.755011279457776,6,6,152.01003196517874,500,30.402006393035748,1555.1213702034995,936.258010185308,97.3667059122689,3,99.99972639478469,False,2,4,False
2024-01-05 03:00:00,2070,2059,11,100.0,5.30037338604013,17.786447089570537,37.94010429667088,6,6,166.21483784870753,500,33.2429675697415,1158.5450301701903,649.7139016063913,98.29995642302326,3,99.99907699570518,False,3,4,False
2024-01-05 04:00:00,2930,2920,10,100.0,3.434734528832683,16.36627150188538,39.819280765348815,6,6,166.8490724405538,500,33.36981448811076,1431.3790864065263,813.0483835525908,93.6261718609707,3,99.99917856214066,False,4,4,False
2024-01-05 05:00:00,1169,1165,4,100.0,3.3557469409258074,12.531129416688263,28.063039965568837,6,6,166.5757620337011,500,33.31515240674022,585.2132016730543,371.2109030494167,92.63306765986172,3,99.99819508922808,False,5,4,False
2024-01-05 06:00:00,1444,1431,13,100.0,3.961296061343248,10.450122196487287,35.069096197106894,6,6,161.62962835618362,500,32.325925671236725,647.5947270724383,423.1395374906863,94.87886715511013,3,99.99907368671865,False,6,4,False
2024-01-05 07:00:00,1626,1605,21,100.0,3.037008408670461,18.930920569063865,26.767591535909435,6,6,153.64675935240027,500,30.729351870480055,896.3808434561946,583.8651294443068,97.35757363415732,3,99.99969191038912,False,7,4,False
2024-01-05 08:00:00,1571,1565,6,100.0,7.087141566503618,15.216494175089672,33.44722679523436,6,6,168.1118975844272,500,33.62237951688544,750.6477771286224,477.2294778689312,92.47032383176844,3,99.99957321671343,False,8,4,False
2024-01-05 09:00:00,9139,9090,49,100.0,12.684401849123425,33.94087448094746,44.666605187149536,6,6,154.8440448909394,500,30.96880897818788,5194.21161112936,3082.124277674585,85.83037489367759,3,99.99967745770371,True,9,4,False
2024-01-05 10:00:00,10816,10777,39,100.0,9.513923234625434,21.586562124320764,42.335247484402274,6,6,169.16739731886975,500,33.83347946377395,4761.832580715211,3833.1696772986797,88.13491062870943,3,99.99958559793265,True,10,4,False
2024-01-05 11:00:00,11043,10929,114,100.0,8.3210324371124,20.095870173552516,55.05272679190966,6,6,163.75847426588996,500,32.751694853177995,6266.3388881750325,3333.4496505053708,86.36004772323598,3,99.99841277635356,True,11,4,False
2024-01-05 12:00:00,13731,13615,116,100.0,10.792866627151202,29.22242853198987,55.346395661560415,6,6,167.80695154118268,500,33.56139030823654,6645.872812626959,4840.946972143171,89.66694469305232,3,99.99854467360481,True,12,4,False
2024-01-05 13:00:00,14499,14459,40,100.0,9.336022034110252,26.1774190710684,42.355481667035995,6,6,158.42173796340356,500,31.684347592680712,6552.069316267405,4872.323738514428,88.09420418335331,3,99.99903562799206,True,13,4,False
2024-01-05 14:00:00,9307,9235,72,100.0,10.77793976077209,32.82460546541613,46.94968262704616,6,6,163.48166308421693,500,32.696332616843385,5010.639536480713,2444.1369784301774,89.31232345971853,3,99.99921132736884,True,14,4,False
2024-01-05 15:00:00,9279,9208,71,100.0,8.489759077234272,31.251241291715104,52.66166256870753,6,6,163.62007851992615,500,32.72401570398523,3873.677188677244,2887.568984561917,87.53880328202865,3,99.99945806569787,True,15,4,False
2024-01-05 16:00:00,10420,10333,87,100.0,13.760923921339916,28.27948813538949,41.93386001743669,6,6,165.61483837051614,500,33.12296767410323,5462.043770461584,3258.5453727078334,92.3228318188352,3,99.9992069797098,True,16,4,False
2024-01-05 17:00:00,10797,10672,125,100.0,13.82961293913258,25.98885026325162,47.30850883242443,6,6,161.05934581235707,500,32.211869162471416,5172.9157681252,2686.454648981055,87.78084322206753,3,99.999048242452,True,17,4,False
2024-01-05 18:00:00,9706,9578,128,100.0,8.99555417792411,21.948747525975442,49.734753072902514,6,6,173.88349158137248,500,34.7766983162745,5122.25505772735,2428.246076963003,92.20630563129212,3,99.99808181334976,True,18,4,False
2024-01-05 19:00:00,3304,3259,45,100.0,3.062905967299617,12.117284200157833,37.15148369806498,6,6,165.04671014657995,500,33.00934202931599,1852.9604124642049,1004.4658893842701,94.52721819806168,3,99.99946946511535,False,19,4,False
2024-01-05 20:00:00,1292,1281,11,100.0,7.885012297396891,16.679797840403747,38.642172079593195,6,6,164.2595725995042,500,32.85191451990084,517.0329157950777,321.8311114326663,93.15940739343645,3,99.99939647655708,False,20,4,False
2024-01-05 21:00:00,1118,1106,12,100.0,5.942216268857718,12.73414200544214,38.86607699271202,6,6,168.01673030598488,500,33.60334606119697,641.5222074450988,284.62776277102193,98.4184269465092,3,99.99880014924332,False,21,4,False
2024-01-05 22:00:00,2605,2574,31,100.0,7.48839689326548,18.26627916749157,28.452586787388572,6,6,173.91069841647422,500,34.782139683294844,1393.0269293060057,697.9531297196132,97.84468481250346,3,99.99803314239799,False,22,4,False
2024-01-05 23:00:00,2388,2354,34,100.0,4.3080392082092445,16.58758953453753,31.913346149192254,6,6,170.4403916532895,500,34.0880783306579,1146.9909695501788,721.0357251665054,91.01479102375964,3,99.99998867910618,False,23,4,False
2024-01-06 00:00:00,3767,3710,57,100.0,6.163619018692345,16.49537808536868,37.68639164173838,6,6,170.56945404849625,500,34.11389080969925,2049.3161487347966,1224.9695700992952,98.2902055103674,3,99.9999723088704,False,0,5,True
2024-01-06 01:00:00,1879,1862,17,100.0,7.461320258918909,10.463248974210131,31.20382237894556,6,6,174.91273545064627,500,34.98254709012925,952.5544522494198,666.4127191017759,90.06847070820481,3,99.99815549936821,False,1,5,True
2024-01-06 02:00:00,1991,1969,22,100.0,5.523734397868149,15.200788340162859,31.327470013400646,6,6,178.34373903061655,500,35.66874780612331,1175.8158350976435,638.0501014953132,90.60352253987637,3,99.99836491359686,False,2,5,True
2024-01-06 03:00:00,1726,1717,9,100.0,6.777857533738017,17.406767966730264,32.59594526461715,6,6,170.15586458362884,500,34.031172916725765,811.7852414906487,572.4376381485365,95.7101607354894,3,99.99823754509649,False,3,5,True
2024-01-06 04:00:00,1514,1492,22,100.0,5.3372489842978315,19.38447566555334,39.9827031738302,6,6,166.52198077589924,500,33.30439615517985,833.740558294327,536.1367766639219,95.57436323039906,3,99.99906942300211,False,4,5,True
2024-01-06 05:00:00,947,934,13,100.0,6.431962914028501,16.041128302303008,36.90735650241891,6,6,165.89672597839095,500,33.17934519567819,489.5143207875403,289.9976384260437,90.75929403823834,3,99.99805623452619,False,5,5,True
2024-01-06 06:00:00,2826,2812,14,100.0,7.690131471621916,13.77825252084913,27.00952043925063,6,6,166.84275089607723,500,33.36855017921545,1424.59670102936,770.7357335519046,92.45061485869404,3,99.99959110973872,False,6,5,True
2024-01-06 07:00:00,2398,2380,18,100.0,5.571514012868226,16.216802009808045,30.20221580784076,6,6,170.32452181451762,500,34.064904362903526,1354.6265548911122,600.3465811502892,90.94889026894327,3,99.99891511201982,False,7,5,True
2024-01-06 08:00:00,2671,2634,37,100.0,3.6778957364314984,19.23670796068943,25.349364284346553,6,6,175.09586207320237,500,35.01917241464048,1501.4229445825579,941.1032544100467,98.0756509743143,3,99.99800049083507,False,8,5,True
2024-01-06 09:00:00,2104,2092,12,100.0,7.558948470942844,14.897814641081483,38.81566582424065,6,6,183.9342590182272,500,36.78685180364544,1040.4551963613849,554.1293388595218,95.64603275645787,3,99.99933766524069,False,9,5,True
2024-01-06 10:00:00,1179,1172,7,100.0,3.9348392897433992,17.06190404524285,33.53281951120126,6,6,183.21005238093335,500,36.64201047618667,641.1109315856063,359.4286472917943,93.33120170599199,3,99.9986225981412,False,10,5,True
2024-01-06 11:00:00,1872,1855,17,100.0,7.680760039243923,14.778124383403068,28.499143859475414,6,6,179.31329346997265,500,35.86265869399453,998.2286247324297,569.0204939024904,98.85308011863498,3,99.9998809092904,False,11,5,True
2024-01-06 12:00:00,1411,1402,9,100.0,7.910944929770681,17.350399498999987,25.18664518714866,6,6,185.286060452744,500,37.0572120905488,723.4816268976413,424.7760023116295,95.1776388311684,3,99.99811831489738,False,12,5,True
2024-01-06 13:00:00,2704,2670,34,100.0,3.188533129314253,11.465975620790676,37.57160415763756,6,6,184.8838941007421,500,36.97677882014842,1530.6153398298086,690.0625557556639,93.27294477934632,3,99.99860208499334,False,13,5,True
2024-01-06 14:00:00,2927,2893,34,100.0,4.689078836900437,13.461261256955531,38.17138318303482,6,6,175.9961516865034,500,35.199230337300676,1433.4262978612246,914.7491095472002,96.49658885085613,3,99.99889272443406,False,14,5,True
2024-01-06 15:00:00,2804,2774,30,100.0,4.313531310330046,19.071493851707196,27.099352982434254,6,6,172.7260606003781,500,34.54521212007562,1596.8258020052224,889.0459577432633,90.46413851478442,3,99.9993135621429,False,15,5,True
2024-01-06 16:00:00,1169,1163,6,100.0,4.205108344278482,19.845878091879417,39.56644860707266,6,6,173.58117883246186,500,34.71623576649237,544.4231255822665,414.1289853766105,97.29284848325261,3,99.99910652273869,False,16,5,True
2024-01-06 17:00:00,1872,1861,11,100.0,5.051750131322944,19.332785954932852,36.92849103361023,6,6,175.76025563122695,500,35.15205112624539,826.1284124887252,656.6800058136291,92.73207895514689,3,99.99851086737644,False,17,5,True
2024-01-06 18:00:00,1324,1306,18,100.0,6.628560782333892,16.688253409945624,38.07392709733793,6,6,174.93905625117935,500,34.98781125023587,556.7881093170118,437.68925616247515,97.3079704962919,3,99.99954063319385,False,18,5,True
2024-01-06 19:00:00,1080,1075,5,100.0,7.16989249473998,13.730272991618182,29.127474726587515,6,6,190.97966457828315,500,38.19593291565663,607.9245316990437,304.55053867747984,95.83837030287533,3,99.9996764720624,False,19,5,True
2024-01-06 20:00:00,2235,2208,27,100.0,4.2787385066556745,17.884267122931057,37.927501320794065,6,6,182.9968595965614,500,36.599371919312276,1022.1374593236418,703.9867248083737,96.82486143636312,3,99.99870501235968,False,20,5,True
2024-01-06 21:00:00,1438,1422,16,100.0,7.279187208256245,19.946360565307955,33.15534379893695,6,6,190.41300328954023,500,38.082600657908046,772.5535307692654,391.8699490142558,91.61954698326366,3,99.99942593301273,False,21,5,True
2024-01-06 22:00:00,3042,3010,32,100.0,6.933109595763111,19.27771101343056,32.51539592926433,6,6,186.0243019217666,500,37.204860384353324,1623.9470728354056,824.7707011278254,93.60632673167412,3,99.9999400451441,False,22,5,True
2024-01-06 23:00:00,1689,1676,13,100.0,3.227317462883669,11.710517576196535,25.106481681014625,6,6,185.36313780815914,500,37.072627561631826,985.0657457661744,526.0531849050413,92.06763320953645,3,99.99838710128464,False,23,5,True
2024-01-07 00:00:00,1404,1384,20,100.0,7.5778197615530845,15.960405176403988,27.20195605578046,6,6,181.7709147143135,500,36.3541829428627,582.2542514003311,438.431159575961,95.40020083718522,3,99.99830016448648,False,0,6,True
