timestamp,region,country,city,data_center,local_hour,requests_per_sec,data_transferred_mbps,avg_latency_ms,avg_cross_region_latency_ms,replication_lag_ms,node_count,storage_used_tb,cost_per_gb,carbon_footprint_kg,renewable_energy_percent,is_local_peak
2024-01-01 00:00:00,North America,USA,Virginia,us-east-1,0,919,86.66676653438763,2.08765728689147,105.16666666666667,88.36050743636433,5,25.982823164778758,0.06457868279860755,0.8218053280578508,88.14614820795336,False
2024-01-01 00:00:00,North America,USA,Oregon,us-west-2,21,641,77.81090409284266,2.4653641768945476,108.5,57.38154018508269,5,84.44759012692154,0.08350331622918505,0.3190794614641158,61.69184577292627,False
2024-01-01 00:00:00,Europe,Ireland,Dublin,eu-west-1,5,511,67.52027011596701,1.1215304036602318,138.5,12.926236614767511,6,47.458403451458125,0.035943354637741926,0.4271347173985706,96.79213874443238,False
2024-01-01 00:00:00,Asia Pacific,Singapore,Singapore,ap-southeast-1,13,2394,306.77246669633945,7.195386512763582,151.83333333333334,26.803270771261232,3,10.692394005522695,0.09952383722183286,2.20945037730012,54.479512853592745,True
2024-01-01 00:00:00,Asia Pacific,Japan,Tokyo,ap-northeast-1,14,2652,180.64829092567288,3.162496743055892,143.5,61.92071662439576,5,59.37231218824608,0.04780719412224245,1.2984395034181087,78.11024019154732,True
2024-01-01 00:00:00,South America,Brazil,São Paulo,sa-east-1,2,366,56.96758449253032,3.3638857299901326,176.83333333333334,12.264932489750505,5,13.644013220428823,0.09851993227367599,0.16710039190294873,68.76358152259039,False
2024-01-01 03:00:00,North America,USA,Virginia,us-east-1,3,802,121.94815718423284,1.7944473696899532,105.16666666666667,25.076758024278263,3,43.5799587929975,0.06579871078635631,0.3903507679227769,61.420524746121544,False
2024-01-01 03:00:00,North America,USA,Oregon,us-west-2,0,769,46.30852237551965,4.991682691807601,108.5,55.600298888278175,6,34.59603772895302,0.07104796379515668,0.1449867789195895,50.18526607380852,False
2024-01-01 03:00:00,Europe,Ireland,Dublin,eu-west-1,8,389,19.838672159185943,1.7888920741095806,138.5,13.524431106487954,2,95.49050691878335,0.08033639907134643,0.35232489813860246,62.061215429717734,False
2024-01-01 03:00:00,Asia Pacific,Singapore,Singapore,ap-southeast-1,16,2552,139.6815848409247,8.790119050127135,151.83333333333334,81.07235051509844,5,30.22208793395696,0.06125321494110414,2.3143766465806563,87.14751781679304,True
2024-01-01 03:00:00,Asia Pacific,Japan,Tokyo,ap-northeast-1,17,2991,219.83379538619215,4.293994808944994,143.5,50.44206296454171,6,89.5422316912806,0.02980187291840613,2.679028045056309,96.56356987059748,True
2024-01-01 03:00:00,South America,Brazil,São Paulo,sa-east-1,5,298,43.90114715496221,1.0931556873345447,176.83333333333334,81.75486859314026,6,23.64828684929471,0.08813966883322473,0.07636093980131337,72.19201363221,False
2024-01-01 06:00:00,North America,USA,Virginia,us-east-1,6,885,120.38702314697278,3.234786381971006,105.16666666666667,16.43258802495486,4,23.601236250588197,0.022727306090652623,0.4662735192330439,80.76046998065374,False
2024-01-01 06:00:00,North America,USA,Oregon,us-west-2,3,244,41.64570404382243,4.718714875921113,108.5,84.14272458833328,2,67.06436155509189,0.0988561538760973,0.11669930002140583,55.713997177617806,False
2024-01-01 06:00:00,Europe,Ireland,Dublin,eu-west-1,11,3894,650.4938151627698,8.24430583388969,138.5,22.5427138532647,3,26.36830708055654,0.08850089112433367,3.076952334579344,67.82028590463324,True
2024-01-01 06:00:00,Asia Pacific,Singapore,Singapore,ap-southeast-1,19,910,77.33956026602625,2.5208229907120434,151.83333333333334,93.52729295399963,3,71.38451710999607,0.05381336425414272,0.7694589879130262,75.80915729353946,False
2024-01-01 06:00:00,Asia Pacific,Japan,Tokyo,ap-northeast-1,20,689,39.48617079460254,2.0982076355549566,143.5,91.60987730372804,2,91.95731042109274,0.09377193930106648,0.2612783912833879,99.2695805489291,False
2024-01-01 06:00:00,South America,Brazil,São Paulo,sa-east-1,8,702,39.8318587202196,3.0344269880208126,176.83333333333334,26.44395302574032,4,44.9198284383729,0.07206981213311471,0.5043118905248918,98.60289128238776,False
2024-01-01 09:00:00,North America,USA,Virginia,us-east-1,9,3891,547.4324089606986,4.873245926448045,105.16666666666667,78.526341021261,5,90.80176274914075,0.06498431327941835,0.5886612033713866,87.84330675558111,True
2024-01-01 09:00:00,North America,USA,Oregon,us-west-2,6,764,49.873757499665366,0.6725500106374852,108.5,16.172903100048188,4,27.174270794024334,0.09651785906730535,0.2883327709895206,84.54508522662343,False
2024-01-01 09:00:00,Europe,Ireland,Dublin,eu-west-1,14,2000,333.6442455709593,3.9397218322856444,138.5,65.59317102929019,4,79.10009301306864,0.022194139623035118,1.9298204344430767,82.13721637902569,True
2024-01-01 09:00:00,Asia Pacific,Singapore,Singapore,ap-southeast-1,22,920,84.83825092962466,2.772122057577469,151.83333333333334,61.84758793385038,2,82.63143824582573,0.06731110378703327,0.14281335223355174,92.12147404269993,False
2024-01-01 09:00:00,Asia Pacific,Japan,Tokyo,ap-northeast-1,23,548,73.68939011106424,0.5733431469370598,143.5,43.23966343613686,2,59.11620466135637,0.05645575908966957,0.32511625184259924,91.28830524657934,False
2024-01-01 09:00:00,South America,Brazil,São Paulo,sa-east-1,11,1821,206.8830088040139,8.703460756015758,176.83333333333334,73.31561660144601,3,47.84763269479376,0.04082185198701601,0.5173992679267473,86.29092799958876,True
2024-01-01 12:00:00,North America,USA,Virginia,us-east-1,12,3034,316.11772283487346,4.460987636940352,105.16666666666667,70.9298036291589,4,14.082518320686674,0.042157929909391385,2.64549124883745,59.23003181797502,True
2024-01-01 12:00:00,North America,USA,Oregon,us-west-2,9,3188,209.88658597064776,7.756798277120319,108.5,74.30232440282671,3,26.67824687576186,0.0693613678596336,1.7093247568230043,93.07227489393001,True
2024-01-01 12:00:00,Europe,Ireland,Dublin,eu-west-1,17,4103,344.23508367647605,2.485410739148778,138.5,60.360392435696745,2,87.2256677996002,0.04370951683014669,3.1134410239165007,66.9804840282465,True
2024-01-01 12:00:00,Asia Pacific,Singapore,Singapore,ap-southeast-1,1,877,67.02194401902149,3.0586625186355723,151.83333333333334,27.900976200793377,5,56.14357708926243,0.09910321323306587,0.8749268653230214,81.35886885807696,False
2024-01-01 12:00:00,Asia Pacific,Japan,Tokyo,ap-northeast-1,2,879,123.77842527153393,2.957175834131173,143.5,86.32670780170837,2,25.863577150416504,0.028589550400829576,0.25328355687118265,87.83264281756499,False
2024-01-01 12:00:00,South America,Brazil,São Paulo,sa-east-1,14,1274,196.01914424800847,9.85853204165637,176.83333333333334,79.34779980545352,2,41.94219500504363,0.07846208611924457,1.0351411046332528,85.21554281978042,True
2024-01-01 15:00:00,North America,USA,Virginia,us-east-1,15,4701,627.7038106102782,5.646678128361568,105.16666666666667,51.61218833362284,4,43.916181605721306,0.07573443901199736,1.1621852976859028,84.37504970326381,True
2024-01-01 15:00:00,North America,USA,Oregon,us-west-2,12,2519,287.73182295448095,6.442680735770963,108.5,73.17645867333809,3,24.317635574792895,0.08612681989913905,1.3237582192760946,69.94218765799272,True
2024-01-01 15:00:00,Europe,Ireland,Dublin,eu-west-1,20,478,54.96350082633286,0.8585181875070569,138.5,39.91098358699324,6,41.40061394769292,0.0842573561052894,0.1218828370991077,93.84218378761219,False
2024-01-01 15:00:00,Asia Pacific,Singapore,Singapore,ap-southeast-1,4,487,70.30330208695416,4.569327883321428,151.83333333333334,93.29139040323463,4,58.33611631340436,0.03596984568523544,0.13835075891277418,96.26611366582657,False
2024-01-01 15:00:00,Asia Pacific,Japan,Tokyo,ap-northeast-1,5,975,139.18895542354204,3.9350818665063096,143.5,34.27625656507953,4,67.7548184131951,0.06283076590719387,0.6716891343219907,53.72266714906418,False
2024-01-01 15:00:00,South America,Brazil,São Paulo,sa-east-1,17,4940,572.4393395331134,2.1642867971286504,176.83333333333334,55.740646780992584,6,63.12063527121032,0.07212446903069664,1.5348247506367787,51.92516190737669,True
2024-01-01 18:00:00,North America,USA,Virginia,us-east-1,18,4478,748.4511978272446,1.8966020717829257,105.16666666666667,43.73124920366926,2,79.2947998521472,0.05914107574900436,0.4517376755850815,83.99144023123011,True
2024-01-01 18:00:00,North America,USA,Oregon,us-west-2,15,2358,184.51669803160073,2.1441213461891273,108.5,35.42164323298508,4,62.38958824748098,0.08912342716101296,0.5861873192691737,98.19815387299461,True
2024-01-01 18:00:00,Europe,Ireland,Dublin,eu-west-1,23,331,49.191575069099876,2.9781162032242885,138.5,38.85188928601597,2,99.60351190043833,0.02770217578150403,0.04656925114252833,93.20114537180035,False
2024-01-01 18:00:00,Asia Pacific,Singapore,Singapore,ap-southeast-1,7,460,23.246488900831974,1.5990221347265487,151.83333333333334,60.13043709878095,6,91.0027443157195,0.053396784538569386,0.22912577509679513,82.88690368841304,False
2024-01-01 18:00:00,Asia Pacific,Japan,Tokyo,ap-northeast-1,8,985,68.5125881490768,2.459919578671256,143.5,15.772600410040242,6,24.0346960469021,0.03299713695844922,0.42498057517130544,58.92025677166638,False
2024-01-01 18:00:00,South America,Brazil,São Paulo,sa-east-1,20,682,48.132860858220056,4.239445930641185,176.83333333333334,18.032884434958483,4,29.26904795586161,0.06447896988618032,0.2513703118577834,82.19654750040469,False
2024-01-01 21:00:00,North America,USA,Virginia,us-east-1,21,301,46.25692148627748,3.3737995948803285,105.16666666666667,6.31455090980152,2,31.290260162192766,0.076390685850053,0.059166829177202535,51.22020961581529,False
2024-01-01 21:00:00,North America,USA,Oregon,us-west-2,18,1143,166.06189833387603,8.393547761093544,108.5,89.4667200280657,6,94.77320875933297,0.04467474250247389,1.118611821770084,60.98750148310829,True
2024-01-01 21:00:00,Europe,Ireland,Dublin,eu-west-1,2,384,63.752512111685284,1.4604934552122433,138.5,26.099994220488792,5,62.966398634080164,0.02762441776512639,0.2070779657890826,68.50199143752127,False
2024-01-01 21:00:00,Asia Pacific,Singapore,Singapore,ap-southeast-1,10,4455,748.3240564470577,4.771175251105096,151.83333333333334,63.84183724195073,2,13.86700663891554,0.031167993939137304,1.9762536878064425,77.5801513888525,True
2024-01-01 21:00:00,Asia Pacific,Japan,Tokyo,ap-northeast-1,11,2811,310.0676182351826,9.776164144653276,143.5,20.820277530924663,5,94.95989853599622,0.08975208732707204,1.015968080394455,72.83683479465185,True
2024-01-01 21:00:00,South America,Brazil,São Paulo,sa-east-1,23,205,28.36455742570761,0.9216896298660443,176.83333333333334,31.109536505251587,4,87.14633600658068,0.05464963780262057,0.06775840206910726,62.232006016167276,False
2024-01-02 00:00:00,North America,USA,Virginia,us-east-1,0,730,128.45200608956847,3.602069066999107,105.16666666666667,98.99691301585266,6,60.86774754310944,0.07519282774135422,0.6524504737806193,57.14813433782371,False
2024-01-02 00:00:00,North America,USA,Oregon,us-west-2,21,565,57.59431671970285,2.2599419821836593,108.5,96.3465765217225,6,73.30763779053913,0.09008707716011978,0.2597827461080351,72.25434790661181,False
2024-01-02 00:00:00,Europe,Ireland,Dublin,eu-west-1,5,516,61.79939045405592,1.0830665171149565,138.5,97.37466241516614,6,58.20485997828669,0.04009937497455279,0.06989501373329991,86.3626007223143,False
2024-01-02 00:00:00,Asia Pacific,Singapore,Singapore,ap-southeast-1,13,4135,460.2836217831432,1.5960154559609707,151.83333333333334,37.2558405363324,6,63.60474878660718,0.0842509775795276,0.7093942424115925,64.63746653662201,True
2024-01-02 00:00:00,Asia Pacific,Japan,Tokyo,ap-northeast-1,14,1078,167.94806164402806,3.7704213669460676,143.5,33.05462352388872,2,73.707259137514,0.03881153477706051,0.6445167800681877,93.63452274843857,True
2024-01-02 00:00:00,South America,Brazil,São Paulo,sa-east-1,2,367,18.847260133264705,3.9310173817747636,176.83333333333334,87.85573430877048,5,65.90745952566004,0.020287093301817025,0.26004212689157336,50.473150754219986,False
2024-01-02 03:00:00,North America,USA,Virginia,us-east-1,3,752,142.4318637685869,1.8097040770930037,105.16666666666667,24.546392478262693,5,47.495882241914714,0.0750137902726575,0.5633830020617708,69.15475747777654,False
2024-01-02 03:00:00,North America,USA,Oregon,us-west-2,0,727,122.51991323665088,1.6220769800072765,108.5,87.91763177846695,5,64.387691250999,0.0270060990238818,0.42554011463243124,51.08499947129182,False
2024-01-02 03:00:00,Europe,Ireland,Dublin,eu-west-1,8,625,34.49698702086822,2.7401186063333527,138.5,10.189350621299404,3,93.5332734342275,0.02257645195114642,0.3821418355293536,64.4864304802249,False
2024-01-02 03:00:00,Asia Pacific,Singapore,Singapore,ap-southeast-1,16,4929,809.0938849194273,1.3839790813779023,151.83333333333334,31.73754896013045,3,84.20240035831866,0.08816019748396961,1.8372231170010913,91.34090184403426,True
2024-01-02 03:00:00,Asia Pacific,Japan,Tokyo,ap-northeast-1,17,1902,181.66891570263797,9.563831046855414,143.5,17.980063115857135,3,59.8204807366203,0.09321701501439508,1.472554034510198,59.4449733929618,True
2024-01-02 03:00:00,South America,Brazil,São Paulo,sa-east-1,5,686,130.66178063619478,1.915712509905506,176.83333333333334,77.49777615313721,2,36.814975283018896,0.08340777591565729,0.31574732020322266,76.47506007058342,False
2024-01-02 06:00:00,North America,USA,Virginia,us-east-1,6,921,178.05013992794582,4.116697318110087,105.16666666666667,72.8950632174381,6,84.26879524021258,0.04783931937061912,0.22634105248878653,83.45775461914826,False
2024-01-02 06:00:00,North America,USA,Oregon,us-west-2,3,798,117.04627610474974,0.6289903053334767,108.5,76.58081415070593,6,68.9470991960029,0.049865949260433924,0.5910210564032818,98.439880774187,False
2024-01-02 06:00:00,Europe,Ireland,Dublin,eu-west-1,11,4228,306.39613890975164,4.396319096976898,138.5,13.947879207826329,4,20.10652606230117,0.04241265817796255,3.5234063113591083,74.60543316268271,True
2024-01-02 06:00:00,Asia Pacific,Singapore,Singapore,ap-southeast-1,19,580,48.49240504861217,3.9779490347163855,151.83333333333334,28.06492685844638,4,28.923580765303825,0.07569906275376886,0.49236839146907985,55.374766654516236,False
2024-01-02 06:00:00,Asia Pacific,Japan,Tokyo,ap-northeast-1,20,446,83.12917013273986,3.629847769910922,143.5,64.45395309578703,3,42.14343059481467,0.027728552168219463,0.1981177287958856,90.79746084512126,False
2024-01-02 06:00:00,South America,Brazil,São Paulo,sa-east-1,8,499,65.89947092096823,2.1420510204515533,176.83333333333334,60.296478229215225,5,35.190637062942066,0.081221273703633,0.46239367120361774,64.84931936532232,False
2024-01-02 09:00:00,North America,USA,Virginia,us-east-1,9,3459,650.9310390067897,1.173998826477301,105.16666666666667,43.60913340359728,2,83.75098290461126,0.06316589605787025,0.40075969793758426,53.621928140491626,True
2024-01-02 09:00:00,North America,USA,Oregon,us-west-2,6,469,29.48806120950348,2.5720169366336414,108.5,52.986423212952545,3,47.76933186086467,0.02599305513776008,0.3008745058925302,76.8268966029377,False
2024-01-02 09:00:00,Europe,Ireland,Dublin,eu-west-1,14,3722,294.61663099678725,5.210395434140613,138.5,84.61274943776216,6,51.960045835907906,0.0247506081915882,1.3875144706524847,83.39541426155697,True
2024-01-02 09:00:00,Asia Pacific,Singapore,Singapore,ap-southeast-1,22,788,78.17883055581069,0.9258415840399732,151.83333333333334,69.2859764958649,4,52.762647993713436,0.05471037476330004,0.5229602700378816,60.726670151679336,False
2024-01-02 09:00:00,Asia Pacific,Japan,Tokyo,ap-northeast-1,23,752,69.1523515878202,2.147318993713596,143.5,90.55934626386579,2,28.123620415988025,0.08539949119135493,0.7385420293475139,87.3812138481261,False
2024-01-02 09:00:00,South America,Brazil,São Paulo,sa-east-1,11,3669,213.16415838959404,2.1236614743257345,176.83333333333334,24.025842902295942,3,17.706997233900662,0.03716533301107349,2.7200805258640646,68.81475924402963,True
2024-01-02 12:00:00,North America,USA,Virginia,us-east-1,12,1670,316.06655890285253,2.0018245618743786,105.16666666666667,77.39082600984898,3,29.982281904536034,0.0806458599443055,1.2913328638234405,58.5758560090173,True
2024-01-02 12:00:00,North America,USA,Oregon,us-west-2,9,3551,627.8470929481443,2.7854651243363637,108.5,81.82978105088128,4,16.76185125193146,0.04846314150485214,1.1859622386192084,51.85292135236381,True
2024-01-02 12:00:00,Europe,Ireland,Dublin,eu-west-1,17,3381,263.97139161316113,8.065563647240314,138.5,60.94912899165925,6,51.075628638643984,0.0875195093872644,0.5939599955107346,69.79754126385102,True
2024-01-02 12:00:00,Asia Pacific,Singapore,Singapore,ap-southeast-1,1,993,52.365367818519985,0.8640980502398854,151.83333333333334,89.18442085444198,6,76.4390841228429,0.023189731079577412,0.4879393169313792,59.76657424473329,False
2024-01-02 12:00:00,Asia Pacific,Japan,Tokyo,ap-northeast-1,2,878,160.62096177863447,4.666807774327385,143.5,76.44323909018772,5,27.371250043516923,0.09891887020552068,0.7454442526952894,85.62038136089811,False
2024-01-02 12:00:00,South America,Brazil,São Paulo,sa-east-1,14,3510,309.73835267431434,1.061554986690597,176.83333333333334,81.43286969554647,4,99.66171727064348,0.04129249920488812,2.978050463187796,93.46658653278234,True
2024-01-02 15:00:00,North America,USA,Virginia,us-east-1,15,3492,471.654500224206,9.03619863857162,105.16666666666667,93.66076962542431,5,51.97729095420071,0.06663495726891486,1.163119266939661,78.59610521450462,True
2024-01-02 15:00:00,North America,USA,Oregon,us-west-2,12,2982,425.8935771544048,6.567817913180631,108.5,91.4227413713553,3,61.7319601486581,0.0337508390265086,2.1022009799712547,88.91798637559226,True
2024-01-02 15:00:00,Europe,Ireland,Dublin,eu-west-1,20,917,101.75411652367369,3.700054854554019,138.5,90.62173129004692,2,50.02527325896919,0.044794904514555145,0.7740241266267217,59.240455445581965,False
2024-01-02 15:00:00,Asia Pacific,Singapore,Singapore,ap-southeast-1,4,709,136.50316159154542,4.948725406533311,151.83333333333334,36.78046909391149,3,33.98645454355832,0.05502216706215364,0.3915658091569463,59.87327584354073,False
2024-01-02 15:00:00,Asia Pacific,Japan,Tokyo,ap-northeast-1,5,704,98.06810701798832,2.618504058933691,143.5,44.6500624130484,3,59.958917425492764,0.09136391031752039,0.5316676545316813,53.006996003657626,False
2024-01-02 15:00:00,South America,Brazil,São Paulo,sa-east-1,17,2345,311.4155554159811,4.774405175300627,176.83333333333334,51.7231089860657,4,43.92666989225083,0.05910880484441816,0.35990961870551036,91.32930020980552,True
2024-01-02 18:00:00,North America,USA,Virginia,us-east-1,18,1249,149.97354825366276,9.257358194064393,105.16666666666667,97.85380968812508,2,21.680858178585584,0.04651002616200448,0.8111337766183871,82.58490087292353,True
2024-01-02 18:00:00,North America,USA,Oregon,us-west-2,15,4715,906.9145130358497,8.37411071616771,108.5,97.95010134370494,5,19.892974026260443,0.053065207789632224,1.4472218024701986,50.08674429851791,True
2024-01-02 18:00:00,Europe,Ireland,Dublin,eu-west-1,23,881,143.90406377667912,1.6972884224985934,138.5,67.08628679034612,4,46.81228602215129,0.02066491760893979,0.22884332246752745,57.362278679510595,False
2024-01-02 18:00:00,Asia Pacific,Singapore,Singapore,ap-southeast-1,7,759,61.83533576943366,4.0964986764776,151.83333333333334,71.57106603629506,4,30.033499579365163,0.0883759504641475,0.2556724270363715,89.00371086265284,False
2024-01-02 18:00:00,Asia Pacific,Japan,Tokyo,ap-northeast-1,8,626,36.21387440876926,0.6962562813883926,143.5,16.551605796927692,5,95.3211105736134,0.07163048109311196,0.5605272848690983,78.05754162137508,False
2024-01-02 18:00:00,South America,Brazil,São Paulo,sa-east-1,20,598,36.30231311485431,1.076615686856844,176.83333333333334,17.01725490428408,5,44.83591407593765,0.029280320242359572,0.43383719888706346,52.25263806021038,False
2024-01-02 21:00:00,North America,USA,Virginia,us-east-1,21,403,37.775687948206254,4.027695158193664,105.16666666666667,14.874501100092628,6,39.72995210855535,0.05222574304820295,0.3512439608696135,83.45704426027078,False
2024-01-02 21:00:00,North America,USA,Oregon,us-west-2,18,4074,422.7860360615249,6.293925217275131,108.5,81.29943477075719,4,35.264286115176105,0.061685733614810834,2.8444446288055194,82.48580423823499,True
2024-01-02 21:00:00,Europe,Ireland,Dublin,eu-west-1,2,472,76.40474682721491,4.399482544034658,138.5,49.25970122643367,4,46.66893169970841,0.05815435292725239,0.22498068315919806,88.98336425226864,False
2024-01-02 21:00:00,Asia Pacific,Singapore,Singapore,ap-southeast-1,10,2510,148.84484724547806,1.5166794749982206,151.83333333333334,35.81971710591321,3,66.94698700670878,0.05412594627553388,0.5887896906990177,50.52719141275942,True
2024-01-02 21:00:00,Asia Pacific,Japan,Tokyo,ap-northeast-1,11,3209,316.2468586768318,2.1830901576429516,143.5,49.97372271890363,2,59.10095560237523,0.02738119196539297,1.1724664470585817,82.3323601725794,True
2024-01-02 21:00:00,South America,Brazil,São Paulo,sa-east-1,23,531,105.70748396818796,3.6796181540469055,176.83333333333334,6.453179763858647,6,61.643137912045795,0.05263942196380843,0.2977283520232601,94.68433008399984,False
2024-01-03 00:00:00,North America,USA,Virginia,us-east-1,0,621,65.8489860592963,2.5114391345998275,105.16666666666667,90.30089121491224,4,52.801021576892744,0.03620421153235185,0.11318543285760752,60.591092283384484,False
2024-01-03 00:00:00,North America,USA,Oregon,us-west-2,21,501,79.49334231898794,1.3438632644655315,108.5,69.36528587945605,6,42.154505909902426,0.06446090609648644,0.37184350211554534,70.81031669916041,False
2024-01-03 00:00:00,Europe,Ireland,Dublin,eu-west-1,5,212,36.052600705419685,3.1143339298129464,138.5,67.0891280062888,2,43.05632335886719,0.09290838676293434,0.1263770700744646,95.32236652475808,False
2024-01-03 00:00:00,Asia Pacific,Singapore,Singapore,ap-southeast-1,13,1736,212.07292480247278,4.194545001623453,151.83333333333334,43.92828826977465,5,59.31594660135854,0.0792479256149089,0.6579392747558773,77.82872998299891,True
2024-01-03 00:00:00,Asia Pacific,Japan,Tokyo,ap-northeast-1,14,2343,237.30624614870513,5.54858244251399,143.5,33.03654397281447,2,55.75028705004484,0.028154039958396132,0.6772616475807812,97.45922676513132,True
2024-01-03 00:00:00,South America,Brazil,São Paulo,sa-east-1,2,205,28.793315757236922,1.2106048336042678,176.83333333333334,65.19812374115986,6,31.431242363502857,0.031203175408660584,0.0778980970480339,60.721935338428366,False
2024-01-03 03:00:00,North America,USA,Virginia,us-east-1,3,551,80.17049109456265,4.710210757881369,105.16666666666667,13.22907513601041,3,86.21101757954628,0.058522286113256855,0.06889178702251696,70.08757432870736,False
2024-01-03 03:00:00,North America,USA,Oregon,us-west-2,0,268,36.49572716012889,4.563869686722947,108.5,68.56525048923928,4,56.87327880344924,0.054899859660015995,0.10033766262561751,79.18427371472518,False
2024-01-03 03:00:00,Europe,Ireland,Dublin,eu-west-1,8,202,13.177859031258476,2.8003747827859895,138.5,34.55057489614495,4,18.07962343217215,0.06036989158898394,0.18399493776635836,50.034371681361314,False
2024-01-03 03:00:00,Asia Pacific,Singapore,Singapore,ap-southeast-1,16,4851,697.7233286518461,8.62046809049728,151.83333333333334,79.76368161538934,3,51.47430131758093,0.05353097419638926,0.7085909530815349,88.84785111454042,True
2024-01-03 03:00:00,Asia Pacific,Japan,Tokyo,ap-northeast-1,17,1317,183.19872937615668,8.611738547752129,143.5,99.42471012652966,3,90.0208189432228,0.05480775733011409,0.3524303849723199,72.94093768448789,True
2024-01-03 03:00:00,South America,Brazil,São Paulo,sa-east-1,5,955,120.18812902113329,0.5329654560014727,176.83333333333334,8.787069227122501,2,17.551351798194045,0.048147532002243046,0.24353044312365682,87.51240087966384,False
2024-01-03 06:00:00,North America,USA,Virginia,us-east-1,6,971,58.51064235215545,1.226988404040557,105.16666666666667,25.953138293419517,3,97.84479383935229,0.08457501141431109,0.8691365393233326,98.83928711690103,False
2024-01-03 06:00:00,North America,USA,Oregon,us-west-2,3,921,157.00626185319433,3.5628157477770035,108.5,60.79549154780702,4,52.763025407524296,0.04263880543945756,0.35982518918374606,95.7933282775213,False
2024-01-03 06:00:00,Europe,Ireland,Dublin,eu-west-1,11,2324,126.30237457914791,7.431992295824456,138.5,33.63571010984078,6,26.23773179218424,0.05914382898388823,1.3006911632708762,93.52436540924738,True
2024-01-03 06:00:00,Asia Pacific,Singapore,Singapore,ap-southeast-1,19,814,149.75402049830168,4.4920034072004835,151.83333333333334,76.2501527291891,5,38.82972602348461,0.08220731448741309,0.13883204084029527,95.3353006897596,False
2024-01-03 06:00:00,Asia Pacific,Japan,Tokyo,ap-northeast-1,20,979,99.56837968877417,0.5900464818870119,143.5,61.339970757250065,6,30.71252753163979,0.06014740796498941,0.517762274991426,58.14158562033203,False
2024-01-03 06:00:00,South America,Brazil,São Paulo,sa-east-1,8,664,71.30534441666481,1.9262557629638117,176.83333333333334,66.04112456371223,2,87.59668902174987,0.06561339938617518,0.07367169138553699,91.25125228070972,False
2024-01-03 09:00:00,North America,USA,Virginia,us-east-1,9,4272,453.07604773888426,8.799782170533462,105.16666666666667,7.112846651547349,3,13.849796610960333,0.06366040391745294,1.6426630022896314,60.473489543905806,True
2024-01-03 09:00:00,North America,USA,Oregon,us-west-2,6,799,74.50880001838476,1.0168861236601194,108.5,88.07395268858178,2,19.02975208289532,0.0473238378678637,0.13647930956926962,79.18109496113959,False
2024-01-03 09:00:00,Europe,Ireland,Dublin,eu-west-1,14,1101,95.09427482402346,5.7916957659080115,138.5,67.8511616345274,4,48.011772653376596,0.030934769657872917,0.8608488107634901,62.8506617030321,True
2024-01-03 09:00:00,Asia Pacific,Singapore,Singapore,ap-southeast-1,22,258,22.01779897014999,1.124345562640345,151.83333333333334,82.04827349830573,6,10.460852654029827,0.05207733027078826,0.15662857091187768,91.79196411587581,False
2024-01-03 09:00:00,Asia Pacific,Japan,Tokyo,ap-northeast-1,23,957,157.56242360042316,2.800816617468768,143.5,34.011612908744354,3,45.49844126923251,0.07393814632747693,0.39822849003053284,66.85254684526853,False
2024-01-03 09:00:00,South America,Brazil,São Paulo,sa-east-1,11,4114,467.65098691274477,4.120415499481189,176.83333333333334,89.44475384255415,3,43.18240700834534,0.03458884341079851,3.595745642915605,81.68071018330835,True
2024-01-03 12:00:00,North America,USA,Virginia,us-east-1,12,4130,463.4852259885043,7.967104465024537,105.16666666666667,39.31086074903744,4,98.53520754220685,0.07042891311778464,3.918337342833184,96.11637362579253,True
2024-01-03 12:00:00,North America,USA,Oregon,us-west-2,9,3607,320.4432308358824,2.6879538546837463,108.5,7.464786116216116,2,10.823444771343482,0.021722184163359106,1.9597553736644877,81.03051169191151,True
2024-01-03 12:00:00,Europe,Ireland,Dublin,eu-west-1,17,1113,82.38052520902974,5.1154035721031095,138.5,38.83170127615311,2,49.90801488126067,0.07093844096767032,0.3676804354265951,52.10220933966146,True
2024-01-03 12:00:00,Asia Pacific,Singapore,Singapore,ap-southeast-1,1,854,79.54463177691963,3.1428402574946763,151.83333333333334,75.0077044611035,6,86.14878127438386,0.08897576192531453,0.5097436480479357,57.05708872174639,False
2024-01-03 12:00:00,Asia Pacific,Japan,Tokyo,ap-northeast-1,2,515,38.43058406926523,1.2289986472615855,143.5,79.34346427007236,6,64.30936268442719,0.029074367172474212,0.16561829308868145,85.43482605796567,False
2024-01-03 12:00:00,South America,Brazil,São Paulo,sa-east-1,14,3042,430.3875364546064,1.3661652682476757,176.83333333333334,74.86129030136688,3,59.00674056842349,0.08496188138192642,1.2738616847285462,71.11247326595714,True
2024-01-03 15:00:00,North America,USA,Virginia,us-east-1,15,3581,221.67769407855215,5.258287582917371,105.16666666666667,72.43293568403327,3,97.76165281427711,0.02069960124590488,1.1075339949295515,99.84674848172752,True
2024-01-03 15:00:00,North America,USA,Oregon,us-west-2,12,2549,355.1136845426967,7.6161891152262635,108.5,71.32462106204116,6,13.13371343090893,0.05113602306651404,2.1792759958681787,91.75556781400101,True
2024-01-03 15:00:00,Europe,Ireland,Dublin,eu-west-1,20,503,49.76697927062167,0.7513124585727227,138.5,41.433298449817556,3,99.07692054733491,0.022961581823282878,0.39293431567814646,99.53169794780108,False
2024-01-03 15:00:00,Asia Pacific,Singapore,Singapore,ap-southeast-1,4,229,39.44713683522179,2.0720675549471297,151.83333333333334,71.30984724744447,6,29.231807622206457,0.07944085763298935,0.09879008886944853,82.53471178591003,False
2024-01-03 15:00:00,Asia Pacific,Japan,Tokyo,ap-northeast-1,5,939,96.44568149463971,3.853289772272024,143.5,12.866043385978026,2,86.19648763637849,0.05851880214495238,0.14753465882955863,85.46510283844844,False
2024-01-03 15:00:00,South America,Brazil,São Paulo,sa-east-1,17,2965,295.5799338365581,7.052295825250489,176.83333333333334,90.76604838586267,2,52.99056814506409,0.05974336252321244,0.5411640238828385,87.66754617761757,True
2024-01-03 18:00:00,North America,USA,Virginia,us-east-1,18,4784,844.1222284896634,3.9141645438880284,105.16666666666667,14.567724069839777,5,74.16898928634468,0.029857492001838928,2.523453286684179,72.26490770038686,True
2024-01-03 18:00:00,North America,USA,Oregon,us-west-2,15,2841,324.2503590321738,1.5243905915124831,108.5,34.89829695514942,3,57.944850101086615,0.05252179928920671,2.429926963933137,71.09549569035318,True
2024-01-03 18:00:00,Europe,Ireland,Dublin,eu-west-1,23,875,146.00138406777162,1.540477415184911,138.5,93.08864568550337,4,45.36334844197569,0.04177985943527974,0.5882520710525093,66.66303037811369,False
2024-01-03 18:00:00,Asia Pacific,Singapore,Singapore,ap-southeast-1,7,638,59.00082588096365,3.4983056360197207,151.83333333333334,74.36741645174197,3,63.82359463116553,0.041641129185327995,0.09634349624629854,88.48550289187253,False
2024-01-03 18:00:00,Asia Pacific,Japan,Tokyo,ap-northeast-1,8,640,80.09735549396257,3.1737213534946815,143.5,38.034748399517504,5,23.85915609814203,0.03586718563040671,0.5509877939692643,88.96574798456773,False
2024-01-03 18:00:00,South America,Brazil,São Paulo,sa-east-1,20,988,106.10480875492031,4.262031357844998,176.83333333333334,54.99016656181804,4,47.89596762413984,0.04357633102947668,0.6166948271543953,68.02972820639292,False
2024-01-03 21:00:00,North America,USA,Virginia,us-east-1,21,494,78.57936473849509,2.3439818094596085,105.16666666666667,41.375755217725825,2,96.07954187807174,0.0702241061709358,0.39237921968119405,55.87625111062513,False
2024-01-03 21:00:00,North America,USA,Oregon,us-west-2,18,3545,602.0263495962957,7.845390038751189,108.5,37.07109881910858,4,19.07800560231987,0.048367419298987815,3.4601864330087744,62.530781315365395,True
2024-01-03 21:00:00,Europe,Ireland,Dublin,eu-west-1,2,280,50.568060869964484,4.477367730095125,138.5,37.283592423494746,6,47.615622635833454,0.0725019701381558,0.17382093250874187,73.83884542413612,False
2024-01-03 21:00:00,Asia Pacific,Singapore,Singapore,ap-southeast-1,10,3156,377.7345605696205,5.965195087449931,151.83333333333334,44.91575407115946,2,49.750873606682454,0.04639459691781159,1.263590543622759,74.97750370350852,True
2024-01-03 21:00:00,Asia Pacific,Japan,Tokyo,ap-northeast-1,11,3088,523.5951059529071,3.3712099271291844,143.5,35.52829643413176,4,13.837496829002806,0.05016194143199673,1.4470429899032624,62.62484063958777,True
2024-01-03 21:00:00,South America,Brazil,São Paulo,sa-east-1,23,234,28.994461903403955,0.9385638826542311,176.83333333333334,32.10012996376689,4,94.49321277201197,0.04074272722501006,0.202521031044378,90.48859529275933,False
2024-01-04 00:00:00,North America,USA,Virginia,us-east-1,0,572,91.4467421299523,0.5627479250073193,105.16666666666667,46.30135239979348,6,70.70687459556731,0.08587892658784974,0.3500653112680683,65.01162015073231,False
2024-01-04 00:00:00,North America,USA,Oregon,us-west-2,21,619,52.128952056658655,1.374100633257362,108.5,13.188199439836351,3,81.04738374962432,0.08105444723183317,0.2418407396679037,68.18150597912042,False
2024-01-04 00:00:00,Europe,Ireland,Dublin,eu-west-1,5,624,33.738051666051994,4.251721831576727,138.5,17.465635729440045,4,18.647232247388136,0.0686072424422785,0.210152743680641,60.89373140018704,False
2024-01-04 00:00:00,Asia Pacific,Singapore,Singapore,ap-southeast-1,13,4287,275.11411473599196,7.245977369257607,151.83333333333334,97.4302958757444,5,40.337482292551755,0.07992517971824119,1.6153175871623606,59.418976362810795,True
2024-01-04 00:00:00,Asia Pacific,Japan,Tokyo,ap-northeast-1,14,3744,560.2863969826578,5.47501987570864,143.5,18.41539096673487,4,63.07262257647732,0.08162389990904685,1.1555029066575222,89.4601570709343,True
2024-01-04 00:00:00,South America,Brazil,São Paulo,sa-east-1,2,674,74.49109184731651,1.0936401006732754,176.83333333333334,88.18184652051568,2,73.9577147740161,0.0897547378231898,0.35248845169555765,51.33309037693554,False
2024-01-04 03:00:00,North America,USA,Virginia,us-east-1,3,841,154.3497298066043,3.5492057992428823,105.16666666666667,24.491256793342615,6,57.188879351322406,0.03100742924931195,0.5258045781947491,76.63193294227291,False
2024-01-04 03:00:00,North America,USA,Oregon,us-west-2,0,482,49.827056672310796,2.7635369050071565,108.5,60.964990193068154,5,20.56106066750876,0.03998475552420319,0.4754591924999654,82.63223296636829,False
2024-01-04 03:00:00,Europe,Ireland,Dublin,eu-west-1,8,314,38.94789988040839,4.779307750590544,138.5,91.08036080551699,6,74.33895826456967,0.02596066686314196,0.09685156642535873,61.66160058732229,False
2024-01-04 03:00:00,Asia Pacific,Singapore,Singapore,ap-southeast-1,16,3470,349.8587458691271,2.0181384593851606,151.83333333333334,89.22242667819934,2,49.95039261736801,0.023652828084928725,2.480295051413807,57.294710724806926,True
2024-01-04 03:00:00,Asia Pacific,Japan,Tokyo,ap-northeast-1,17,2772,215.39175587229408,2.3687483701874523,143.5,95.11756153908674,3,14.301081048594156,0.08975134836202697,2.1362379400117932,86.04407659477717,True
2024-01-04 03:00:00,South America,Brazil,São Paulo,sa-east-1,5,549,50.90112952379192,1.8251782447997793,176.83333333333334,51.542299863158675,3,31.23336870275746,0.03627344979132921,0.21135349384728683,87.86402664038386,False
2024-01-04 06:00:00,North America,USA,Virginia,us-east-1,6,379,56.3298277612605,0.5523046466968307,105.16666666666667,86.01809614291402,5,10.861230521289851,0.08731441881331357,0.23639493962771968,74.00409662512398,False
2024-01-04 06:00:00,North America,USA,Oregon,us-west-2,3,254,45.17891620608507,2.7044298905220705,108.5,67.66370815039859,6,79.1265425702099,0.05930388111009066,0.12823245423254023,67.42848012628161,False
2024-01-04 06:00:00,Europe,Ireland,Dublin,eu-west-1,11,1552,266.6704877400063,1.0518303421924573,138.5,38.32550780881204,2,37.8546924739879,0.05695144136006054,0.8955628198201098,52.981123270426956,True
2024-01-04 06:00:00,Asia Pacific,Singapore,Singapore,ap-southeast-1,19,908,93.16465447683322,3.906031840883774,151.83333333333334,14.97056658773879,2,97.96128559549891,0.08367096522349157,0.12416880341671215,53.12361141605342,False
2024-01-04 06:00:00,Asia Pacific,Japan,Tokyo,ap-northeast-1,20,830,63.66959567454767,3.2903017544977287,143.5,41.62211616601339,4,91.89370042411178,0.0938371720567713,0.5987878620137427,78.04159892803203,False
2024-01-04 06:00:00,South America,Brazil,São Paulo,sa-east-1,8,331,48.06523286810281,1.6644363900326935,176.83333333333334,68.59028843590535,5,82.91762695416737,0.08639105919073425,0.1814301021827356,94.6658919346728,False
2024-01-04 09:00:00,North America,USA,Virginia,us-east-1,9,3599,185.57635192727915,6.901572041456874,105.16666666666667,84.89882490522099,5,23.961974004070022,0.02550198349796987,1.7448739684402368,82.76006562111704,True
2024-01-04 09:00:00,North America,USA,Oregon,us-west-2,6,651,83.06031264956789,3.61282515443943,108.5,68.96332704765976,3,42.861798740807174,0.07798873416560965,0.09843006592165304,62.297477947006556,False
2024-01-04 09:00:00,Europe,Ireland,Dublin,eu-west-1,14,2592,389.026359717647,7.120231644531016,138.5,21.875126972036426,6,34.54233601993686,0.0687389585918787,2.49991839852266,56.39689587114937,True
2024-01-04 09:00:00,Asia Pacific,Singapore,Singapore,ap-southeast-1,22,452,29.62973784682786,4.594233608797894,151.83333333333334,19.77370957043579,4,85.90700021630704,0.032150874010880424,0.25882583276792076,53.174832806027794,False
2024-01-04 09:00:00,Asia Pacific,Japan,Tokyo,ap-northeast-1,23,693,68.8216015368498,1.0466351801835965,143.5,44.15564705944751,6,21.46247177268618,0.07388271116237226,0.14659008722292613,92.57974711341251,False
2024-01-04 09:00:00,South America,Brazil,São Paulo,sa-east-1,11,4391,305.5226283922465,5.193812480130931,176.83333333333334,70.49141486592518,2,28.541494384234124,0.0957373531301656,3.21868527784036,64.22572584634024,True
2024-01-04 12:00:00,North America,USA,Virginia,us-east-1,12,3535,498.31205342289445,4.2248626347165334,105.16666666666667,45.03308343191933,5,47.27703546430435,0.0746065604860435,1.1095398592807058,51.11344170391497,True
2024-01-04 12:00:00,North America,USA,Oregon,us-west-2,9,4736,946.1689568323827,9.553365469679274,108.5,91.23552299509377,6,78.19793466886799,0.0806776224601638,2.6620115697816003,78.77735939316554,True
2024-01-04 12:00:00,Europe,Ireland,Dublin,eu-west-1,17,2829,242.14795399893777,1.1730929651036794,138.5,98.39663764643656,4,34.993881298205864,0.0850859196787084,1.1725495029683155,51.48096265670553,True
2024-01-04 12:00:00,Asia Pacific,Singapore,Singapore,ap-southeast-1,1,748,123.39483696892374,2.66449625883825,151.83333333333334,72.70872534876624,4,44.03893843338635,0.062037022084932475,0.6030050721722069,84.7180650641244,False
2024-01-04 12:00:00,Asia Pacific,Japan,Tokyo,ap-northeast-1,2,692,93.14189472771834,2.1988413855846156,143.5,81.6462132419539,4,11.781137626720996,0.06947947116019633,0.16344446306614951,82.2320470071309,False
2024-01-04 12:00:00,South America,Brazil,São Paulo,sa-east-1,14,4634,512.8321166203687,5.30743761049146,176.83333333333334,25.972179935517694,3,19.88447043888474,0.024494319385113393,1.8249243346297734,99.47642597828244,True
2024-01-04 15:00:00,North America,USA,Virginia,us-east-1,15,3804,391.8467476234876,5.711608802124669,105.16666666666667,77.70053056757995,6,42.543675813331596,0.06021535174715814,1.6986938690278934,77.05432272844294,True
2024-01-04 15:00:00,North America,USA,Oregon,us-west-2,12,3498,207.60026155223724,5.207606740167458,108.5,92.43907703134302,3,54.923378268906895,0.029834666522960032,1.3714818982804078,82.38083817980524,True
2024-01-04 15:00:00,Europe,Ireland,Dublin,eu-west-1,20,918,140.9862539710728,3.075348875493541,138.5,67.46544904418941,5,44.924390797811796,0.026533684517203202,0.5540307923754209,80.00002461957446,False
2024-01-04 15:00:00,Asia Pacific,Singapore,Singapore,ap-southeast-1,4,204,17.09580227730836,4.548840112092766,151.83333333333334,5.7057118427412545,2,20.120225074666237,0.09477537213515339,0.18181995202041396,51.0512929868534,False
2024-01-04 15:00:00,Asia Pacific,Japan,Tokyo,ap-northeast-1,5,985,135.4877273400389,4.9111942212845054,143.5,57.95389192611299,2,54.55320288960426,0.05096286701000124,0.5572862013738126,61.60951226251275,False
2024-01-04 15:00:00,South America,Brazil,São Paulo,sa-east-1,17,3735,422.34746188775216,5.639997429544056,176.83333333333334,92.57014704247656,4,44.74167528500239,0.068969797929598,1.7015820264015011,66.38464325220183,True
2024-01-04 18:00:00,North America,USA,Virginia,us-east-1,18,1877,147.42570455395082,6.529600085615817,105.16666666666667,20.006073001748618,2,92.84154540496193,0.04928604410617521,1.2133535571649823,80.34587169853056,True
2024-01-04 18:00:00,North America,USA,Oregon,us-west-2,15,2545,455.6974231959662,5.82169237179307,108.5,96.18357034791507,6,66.81964766258892,0.05205920159595841,0.992442798837605,85.50030709386493,True
2024-01-04 18:00:00,Europe,Ireland,Dublin,eu-west-1,23,603,94.8208295403068,4.0275751941000175,138.5,44.21350625954127,3,89.88459054250494,0.056512630620602286,0.2706358728586792,52.195103455528,False
2024-01-04 18:00:00,Asia Pacific,Singapore,Singapore,ap-southeast-1,7,480,47.910052847393395,3.912491897262215,151.83333333333334,90.8011816560679,6,24.34462064662806,0.09927228004630717,0.24419659916522796,52.421311320753624,False
2024-01-04 18:00:00,Asia Pacific,Japan,Tokyo,ap-northeast-1,8,716,74.82725954217665,4.464972034168258,143.5,42.91084647040864,6,12.498492511591657,0.06554069678152744,0.15729274985562683,96.06937780711212,False
2024-01-04 18:00:00,South America,Brazil,São Paulo,sa-east-1,20,733,49.42251334413418,3.872174529422777,176.83333333333334,54.09296284540368,2,29.566978021413608,0.04664562241299819,0.5880114456708713,52.52133069061672,False
2024-01-04 21:00:00,North America,USA,Virginia,us-east-1,21,548,80.55302200823762,1.0661136724319167,105.16666666666667,40.66998611663223,3,34.571872578607525,0.0695637495573612,0.27331433953996176,77.352745080474,False
2024-01-04 21:00:00,North America,USA,Oregon,us-west-2,18,3257,632.1377714470402,3.3708798986658772,108.5,30.47510397017643,3,58.78517567291891,0.0768241308539862,2.382754913994009,72.76718187400391,True
2024-01-04 21:00:00,Europe,Ireland,Dublin,eu-west-1,2,618,73.6583108594654,1.2833892615635598,138.5,87.94154025683612,3,67.37679389785109,0.027124951933246405,0.5598572324848652,77.43563765292109,False
2024-01-04 21:00:00,Asia Pacific,Singapore,Singapore,ap-southeast-1,10,1026,51.990420558971024,6.761264629218813,151.83333333333334,56.05533215284683,5,90.18595117143668,0.0641707518199811,0.3343078759947496,69.42395903008753,True
2024-01-04 21:00:00,Asia Pacific,Japan,Tokyo,ap-northeast-1,11,3949,714.3009111678492,9.484773700006288,143.5,26.591613062807784,6,15.108548252554126,0.08855958559383179,1.1564506771884746,71.87574079358204,True
2024-01-04 21:00:00,South America,Brazil,São Paulo,sa-east-1,23,626,62.071127420151655,4.649823196986067,176.83333333333334,34.16202787332517,4,36.803904122144225,0.09898785189024434,0.21808539566192575,66.50897907459175,False
2024-01-05 00:00:00,North America,USA,Virginia,us-east-1,0,578,61.15591078599641,3.4574369920884216,105.16666666666667,56.553965590216784,6,44.39846171124805,0.08119575519129373,0.5069228221642572,71.66868383718199,False
2024-01-05 00:00:00,North America,USA,Oregon,us-west-2,21,661,43.63737570186381,2.8077009726824373,108.5,13.047083804379152,6,25.00968891857762,0.030191880449544704,0.10290058402842193,59.30397319399631,False
2024-01-05 00:00:00,Europe,Ireland,Dublin,eu-west-1,5,740,92.70519207606675,3.138182180317822,138.5,12.872534126372276,6,51.97580063667574,0.03444974253540614,0.5607598280541117,86.22106867648904,False
2024-01-05 00:00:00,Asia Pacific,Singapore,Singapore,ap-southeast-1,13,2408,133.91367636333126,3.7670182607991056,151.83333333333334,88.52087012123275,5,84.06006433084873,0.057809500855553655,0.6331023584498244,52.41813103065196,True
2024-01-05 00:00:00,Asia Pacific,Japan,Tokyo,ap-northeast-1,14,4663,275.6765575035799,7.04092128315662,143.5,95.4779333199811,3,80.33836044932879,0.04519804162469601,2.070451954715317,82.35895025889907,True
2024-01-05 00:00:00,South America,Brazil,São Paulo,sa-east-1,2,292,39.881938250548075,4.547258707130615,176.83333333333334,96.95112450494942,5,97.16339842742634,0.023788786709616937,0.054016242863325355,98.28347341545417,False
2024-01-05 03:00:00,North America,USA,Virginia,us-east-1,3,315,30.957730390899464,1.6469577576073484,105.16666666666667,47.39365076519133,2,45.067887755591606,0.08295960114042432,0.20633396902870363,83.27553946232568,False
2024-01-05 03:00:00,North America,USA,Oregon,us-west-2,0,251,31.749881875016857,3.7828742774879958,108.5,39.767836654866514,2,25.133494487670127,0.057942306518730516,0.1851599104021105,94.42353001961384,False
2024-01-05 03:00:00,Europe,Ireland,Dublin,eu-west-1,8,617,94.05897989427065,2.319902177546177,138.5,98.9071723694033,3,77.4844427024435,0.09363835607402532,0.13513194416971486,71.79371538823796,False
2024-01-05 03:00:00,Asia Pacific,Singapore,Singapore,ap-southeast-1,16,2606,151.09031503950334,7.301327672499658,151.83333333333334,15.195463395627323,5,87.10343993747296,0.09936443614171818,1.400455471722587,99.91679995433499,True
2024-01-05 03:00:00,Asia Pacific,Japan,Tokyo,ap-northeast-1,17,3260,577.0242766602419,6.066707905542059,143.5,41.96384407962577,3,35.762836476474504,0.09248600918719604,2.737362230325995,74.41665859376978,True
2024-01-05 03:00:00,South America,Brazil,São Paulo,sa-east-1,5,945,99.51562242568346,3.9422611904337,176.83333333333334,40.45345017939256,3,66.14503926562105,0.05945746323740961,0.6025129408895039,62.42617904377502,False
2024-01-05 06:00:00,North America,USA,Virginia,us-east-1,6,809,114.27587695483659,3.030459258793486,105.16666666666667,44.39629405807659,6,94.26599666912253,0.07971351168371334,0.30681846775281685,69.70760793987066,False
2024-01-05 06:00:00,North America,USA,Oregon,us-west-2,3,427,44.295143843739346,2.326315935856944,108.5,9.250252690563025,5,39.010062325132836,0.0645170626223241,0.22974919153850784,91.03778164880023,False
2024-01-05 06:00:00,Europe,Ireland,Dublin,eu-west-1,11,2110,209.37588429882624,1.0069779341973948,138.5,33.96883597169407,6,93.68821554020197,0.07752424735200161,0.5586772715785021,93.06887780700575,True
2024-01-05 06:00:00,Asia Pacific,Singapore,Singapore,ap-southeast-1,19,378,60.42501768353499,0.8374992172942262,151.83333333333334,61.89419297137685,6,60.54816230054224,0.02961305192746231,0.3691484482825635,73.2730856782006,False
2024-01-05 06:00:00,Asia Pacific,Japan,Tokyo,ap-northeast-1,20,504,91.28593053622912,2.2224012491825174,143.5,40.02022714603787,6,65.8456887617858,0.026514222847148067,0.25620388161404817,75.6660440541404,False
2024-01-05 06:00:00,South America,Brazil,São Paulo,sa-east-1,8,818,99.11792376518532,4.191569740847831,176.83333333333334,55.41110195225335,5,85.73085054357075,0.09935264360856778,0.7346658002298613,70.33192391837633,False
2024-01-05 09:00:00,North America,USA,Virginia,us-east-1,9,2074,350.5305036417545,3.028199634857671,105.16666666666667,82.40335829449815,5,63.428402930636146,0.04459169737398576,0.8040066444762357,72.24189189884254,True
2024-01-05 09:00:00,North America,USA,Oregon,us-west-2,6,256,36.324130830969395,3.873191831639901,108.5,48.01117168789984,3,75.49503802186507,0.02028700386521768,0.06600694456792627,84.58192442296904,False
2024-01-05 09:00:00,Europe,Ireland,Dublin,eu-west-1,14,2425,167.92052222823142,2.5401496096801157,138.5,83.35928933349062,4,29.09640533919432,0.09014003734209713,1.6755613313218995,98.17592269609432,True
2024-01-05 09:00:00,Asia Pacific,Singapore,Singapore,ap-southeast-1,22,716,48.461978995455894,1.6835005316215068,151.83333333333334,18.249602487863527,5,30.48349388355354,0.05497114848403287,0.36448067300761944,61.17597757769518,False
2024-01-05 09:00:00,Asia Pacific,Japan,Tokyo,ap-northeast-1,23,764,128.9618760878532,2.888841727439222,143.5,23.91765606319597,4,93.20230559625199,0.045491404595289414,0.6629749051686376,83.63439761243498,False
2024-01-05 09:00:00,South America,Brazil,São Paulo,sa-east-1,11,4390,851.893501352819,8.371124025937739,176.83333333333334,56.496200913773805,6,36.73373736989538,0.033113909845251054,3.18808110703548,92.5430124553444,True
2024-01-05 12:00:00,North America,USA,Virginia,us-east-1,12,1247,239.82323017336205,5.575913999019146,105.16666666666667,47.668133002094926,6,97.71156757288009,0.09166479539331726,1.0480231145428092,73.61012131019856,True
2024-01-05 12:00:00,North America,USA,Oregon,us-west-2,9,3876,357.33708367635535,5.124269120815058,108.5,75.18227340290659,4,19.032136091731992,0.09865167716357433,1.8735114033663487,65.04030060756868,True
2024-01-05 12:00:00,Europe,Ireland,Dublin,eu-west-1,17,2697,289.9699855394128,3.781339628007424,138.5,29.38795572619502,6,22.0272161437404,0.0529034823627197,2.5236225349659813,99.99894253498668,True
2024-01-05 12:00:00,Asia Pacific,Singapore,Singapore,ap-southeast-1,1,552,28.36060677813758,2.6573575822211595,151.83333333333334,72.99071792302273,3,91.60423099466705,0.07278290242453676,0.3872313932925443,97.83568185476695,False
2024-01-05 12:00:00,Asia Pacific,Japan,Tokyo,ap-northeast-1,2,862,49.58971448768145,1.7912381699699609,143.5,46.37090266197987,3,82.39062133053963,0.09385044162490937,0.2503036823539591,77.33010080006684,False
2024-01-05 12:00:00,South America,Brazil,São Paulo,sa-east-1,14,2365,223.41367970029245,7.426419171842857,176.83333333333334,13.09410294185656,2,44.81364053279644,0.07132948874930937,0.8222708570675461,92.60042549122758,True
2024-01-05 15:00:00,North America,USA,Virginia,us-east-1,15,3143,619.5843702760745,1.154742892195019,105.16666666666667,16.467248209234324,2,40.234000658928295,0.09468305389242633,2.2862964009488977,93.88646705012641,True
2024-01-05 15:00:00,North America,USA,Oregon,us-west-2,12,3760,616.7892060296658,8.486045811839073,108.5,58.895535988263056,4,64.85665476661764,0.08034949057413203,2.840300542782365,96.75464603300182,True
2024-01-05 15:00:00,Europe,Ireland,Dublin,eu-west-1,20,370,63.79014622762517,4.121934189646065,138.5,97.99854203446235,6,22.667041336386852,0.04430297980543754,0.24002795669111882,70.50045367224529,False
2024-01-05 15:00:00,Asia Pacific,Singapore,Singapore,ap-southeast-1,4,835,135.53550476059354,2.8601746859429094,151.83333333333334,6.603655295189982,6,57.70239616983983,0.07159421909083205,0.8158082865292777,61.985804052855784,False
2024-01-05 15:00:00,Asia Pacific,Japan,Tokyo,ap-northeast-1,5,811,127.9605685774917,3.9979301855230704,143.5,15.599791898096187,4,41.51939804721941,0.08634520986996554,0.5607277332067249,55.87258125165138,False
2024-01-05 15:00:00,South America,Brazil,São Paulo,sa-east-1,17,4047,420.63816467515767,8.679554146040008,176.83333333333334,99.68346169764098,5,67.22798907999496,0.0760780424418672,2.6985402168131216,53.2229918005757,True
2024-01-05 18:00:00,North America,USA,Virginia,us-east-1,18,2259,402.87105647356066,5.99727956591571,105.16666666666667,88.32622823778348,3,19.923349510143076,0.09567544435120663,1.1584288024852423,63.38113138877499,True
2024-01-05 18:00:00,North America,USA,Oregon,us-west-2,15,2446,433.5951322830144,2.7330765484917268,108.5,80.4942094380658,3,53.45213085955309,0.07667876153674376,1.3197429943099113,88.30675307719136,True
2024-01-05 18:00:00,Europe,Ireland,Dublin,eu-west-1,23,604,82.88973085848818,0.5670479201721527,138.5,40.713686233966726,5,89.72679004357083,0.084693599921064,0.3979194468001288,53.90275102338664,False
2024-01-05 18:00:00,Asia Pacific,Singapore,Singapore,ap-southeast-1,7,852,46.930073570808226,3.893981723945594,151.83333333333334,38.504213294262286,5,43.76412221949646,0.05408762082776618,0.3970377435743993,53.51529567911577,False
2024-01-05 18:00:00,Asia Pacific,Japan,Tokyo,ap-northeast-1,8,992,153.80479764570572,4.231151911926216,143.5,49.97656247585884,6,56.64459348871577,0.057516090026786704,0.2518583582376735,64.4855684103684,False
2024-01-05 18:00:00,South America,Brazil,São Paulo,sa-east-1,20,556,43.808413657188595,3.935956518869423,176.83333333333334,34.750634697548534,3,59.3169305958741,0.06925796946481252,0.13064686760345268,85.97140801807348,False
2024-01-05 21:00:00,North America,USA,Virginia,us-east-1,21,988,99.48822637340386,1.0555653053025578,105.16666666666667,77.66213508828498,2,16.70877532923123,0.06755548583247971,0.18636854885109083,98.19380110351305,False
2024-01-05 21:00:00,North America,USA,Oregon,us-west-2,18,1023,58.12519610788575,4.145311929612843,108.5,43.46982767582859,3,99.95414040940071,0.09247767853918673,0.4873334089191004,71.06332602656971,True
2024-01-05 21:00:00,Europe,Ireland,Dublin,eu-west-1,2,950,176.88322479049077,3.878256261973619,138.5,32.85749904292629,2,89.75534310706985,0.0872746332714818,0.7655753657513332,85.00800649760693,False
2024-01-05 21:00:00,Asia Pacific,Singapore,Singapore,ap-southeast-1,10,2309,209.2897160402056,8.692165550137949,151.83333333333334,81.68093632164988,5,89.106862108572,0.05510839432410938,1.3598362096499772,82.6180930782497,True
2024-01-05 21:00:00,Asia Pacific,Japan,Tokyo,ap-northeast-1,11,1784,157.21964393399796,9.369628276496154,143.5,29.131337264364582,4,43.63042991215813,0.06359536986256743,0.9014934567064584,93.8558191574057,True
2024-01-05 21:00:00,South America,Brazil,São Paulo,sa-east-1,23,823,67.80026250392973,2.1917124603890366,176.83333333333334,58.470910473466375,4,22.184967353697537,0.04858454712040308,0.7188738073996943,74.13117023222254,False
2024-01-06 00:00:00,North America,USA,Virginia,us-east-1,0,923,160.89022062673297,2.6857878621070896,105.16666666666667,56.194665113069846,4,26.60734984059011,0.021177217215661334,0.47340205327908824,66.14122503627843,False
2024-01-06 00:00:00,North America,USA,Oregon,us-west-2,21,760,58.39045076845558,0.7983884228505074,108.5,55.618981567138285,6,70.05100624988845,0.06513912390296739,0.6569938083358693,66.45662877196014,False
2024-01-06 00:00:00,Europe,Ireland,Dublin,eu-west-1,5,773,64.81562481741113,3.0774334299769466,138.5,38.87567014568143,6,79.89681595449751,0.022114192597321863,0.3385591011063576,82.63880656774266,False
2024-01-06 00:00:00,Asia Pacific,Singapore,Singapore,ap-southeast-1,13,1548,165.78047556183424,8.922945070729448,151.83333333333334,15.021239199924771,3,16.371614160552603,0.05161858957260934,1.2875892497195571,78.60249151340882,True
2024-01-06 00:00:00,Asia Pacific,Japan,Tokyo,ap-northeast-1,14,2380,123.29670881484668,6.763781909459027,143.5,45.01433767293517,3,66.23927149445436,0.04716116438260784,1.857050237398723,90.81314913966906,True
2024-01-06 00:00:00,South America,Brazil,São Paulo,sa-east-1,2,713,85.83242813319832,3.7534970332222133,176.83333333333334,27.7506614006832,4,34.59655766175696,0.03347946695741946,0.5248833496573982,85.95711116095333,False
2024-01-06 03:00:00,North America,USA,Virginia,us-east-1,3,861,165.98375280891747,1.3747181748195882,105.16666666666667,62.06294280818037,2,48.07256558338148,0.021433705229236565,0.7888613173791701,93.73902949979046,False
2024-01-06 03:00:00,North America,USA,Oregon,us-west-2,0,499,27.657643482204186,2.07436751431848,108.5,23.63341943897442,4,93.27068798357331,0.07226740676812007,0.22154315506488761,90.47159100038684,False
2024-01-06 03:00:00,Europe,Ireland,Dublin,eu-west-1,8,370,23.71260509454041,1.142833685566892,138.5,61.28453270015491,4,21.63088149424184,0.0724872080579624,0.07230001129119472,96.93835640880772,False
2024-01-06 03:00:00,Asia Pacific,Singapore,Singapore,ap-southeast-1,16,2995,202.12474232088198,2.565785674541178,151.83333333333334,10.873481554549219,2,33.5982451486955,0.06399567802787438,2.8525314498111096,89.9184039325921,True
2024-01-06 03:00:00,Asia Pacific,Japan,Tokyo,ap-northeast-1,17,4023,383.9143964640842,4.535321366545415,143.5,49.56996894253656,3,64.26803471231119,0.025801129673570653,3.869679998690459,95.31636467072732,True
2024-01-06 03:00:00,South America,Brazil,São Paulo,sa-east-1,5,445,42.820610926259555,4.475793191000614,176.83333333333334,15.567004829140512,3,30.07056172235451,0.03486926308442067,0.07575695998169708,90.16411743878916,False
2024-01-06 06:00:00,North America,USA,Virginia,us-east-1,6,805,127.12619144466278,3.884837667961224,105.16666666666667,69.66118714118835,4,76.24247822544189,0.02436246435120592,0.6316113305854332,89.54851814391512,False
2024-01-06 06:00:00,North America,USA,Oregon,us-west-2,3,600,46.86531624429415,3.4793863212996228,108.5,31.4219262920619,2,68.45474436989683,0.052493220515234834,0.4786736724620023,94.88497106074163,False
2024-01-06 06:00:00,Europe,Ireland,Dublin,eu-west-1,11,2029,157.2367857346343,6.223974969108443,138.5,79.71211968177853,5,35.272165031791175,0.046894035229366,1.9960239721541773,79.5317834040197,True
2024-01-06 06:00:00,Asia Pacific,Singapore,Singapore,ap-southeast-1,19,601,90.33260644023783,4.371237112128398,151.83333333333334,49.43833777539729,5,95.71477270391757,0.0293556518334415,0.4048130789490389,97.95616866828806,False
2024-01-06 06:00:00,Asia Pacific,Japan,Tokyo,ap-northeast-1,20,544,83.36018845059931,1.8704898250584823,143.5,9.514800723341331,2,67.80132736106715,0.07009848230123493,0.3937859864074327,88.84449977514384,False
2024-01-06 06:00:00,South America,Brazil,São Paulo,sa-east-1,8,485,51.36870585524858,3.8033412573608594,176.83333333333334,53.759230806473774,2,59.01962984187153,0.06425384942564978,0.05991294791437362,74.87356682727264,False
2024-01-06 09:00:00,North America,USA,Virginia,us-east-1,9,2428,132.8279210875701,6.463844844536461,105.16666666666667,58.37618951740303,3,96.32650077532267,0.04361332918669015,0.9578149152462061,54.733871420512145,True
2024-01-06 09:00:00,North America,USA,Oregon,us-west-2,6,662,104.36455000788109,4.007785807290192,108.5,58.079469808837345,6,81.8202036040664,0.022647860557373712,0.19848601346528197,97.20955592006263,False
2024-01-06 09:00:00,Europe,Ireland,Dublin,eu-west-1,14,1515,130.18844667515972,8.256972675055414,138.5,45.59736012208966,3,33.64772029464483,0.09922957629665957,1.4558402654454596,69.89042669445192,True
2024-01-06 09:00:00,Asia Pacific,Singapore,Singapore,ap-southeast-1,22,447,73.62094377540934,1.5998456883167838,151.83333333333334,66.26531446005184,5,78.78034770853614,0.02678678684683736,0.39630002124702507,54.39749674035737,False
2024-01-06 09:00:00,Asia Pacific,Japan,Tokyo,ap-northeast-1,23,507,80.50508542809762,3.9607965919254284,143.5,70.65616527019777,2,63.14722640627579,0.06268660079335774,0.06999699825973912,78.10281313102374,False
2024-01-06 09:00:00,South America,Brazil,São Paulo,sa-east-1,11,2789,179.41712544229256,2.790410906438564,176.83333333333334,33.012102365595695,6,63.88701845283838,0.05256384634205394,2.2880377553721583,81.20861464562151,True
2024-01-06 12:00:00,North America,USA,Virginia,us-east-1,12,4110,707.7283573971429,6.774891977657918,105.16666666666667,28.253390197974397,2,37.74886788008875,0.054353758911149935,3.6294981641378077,55.2162419136497,True
2024-01-06 12:00:00,North America,USA,Oregon,us-west-2,9,4966,976.4507036147967,6.470205485519984,108.5,72.43763861883173,6,43.54406803251891,0.038224629740971544,3.269623082515053,54.180990805328136,True
2024-01-06 12:00:00,Europe,Ireland,Dublin,eu-west-1,17,2120,376.2266994506703,1.574478751457876,138.5,66.71719669763192,5,17.061503886483315,0.048354433279549844,1.3673369249053824,82.48937532080977,True
2024-01-06 12:00:00,Asia Pacific,Singapore,Singapore,ap-southeast-1,1,540,87.17940717113329,4.090244124745423,151.83333333333334,99.18376305307709,4,52.776497737598504,0.056388172563749256,0.5214086791680685,83.36947657632787,False
2024-01-06 12:00:00,Asia Pacific,Japan,Tokyo,ap-northeast-1,2,816,82.40341785738029,4.536697388781478,143.5,34.991717440218,2,97.43925445074652,0.06869093001159474,0.4260930301341758,75.54036656348624,False
2024-01-06 12:00:00,South America,Brazil,São Paulo,sa-east-1,14,3658,677.3941286259659,5.316698762439607,176.83333333333334,91.57317309026806,4,53.72988056569781,0.06532152913534578,0.7490578376633612,81.52856069034594,True
2024-01-06 15:00:00,North America,USA,Virginia,us-east-1,15,4222,655.2718669300103,3.414224168599751,105.16666666666667,82.8583232568095,4,66.58674937931798,0.06668340610086222,1.7617382520417038,73.31913969561165,True
2024-01-06 15:00:00,North America,USA,Oregon,us-west-2,12,1029,129.80307614063892,1.870852818925016,108.5,14.423112444986256,3,30.52552127002241,0.09402350210203671,0.5776458530426618,78.15141699766187,True
2024-01-06 15:00:00,Europe,Ireland,Dublin,eu-west-1,20,525,40.5425459445226,3.9897652375334953,138.5,10.818855469533196,5,73.97145206784589,0.023806911763916937,0.5131937371533764,64.04799967204738,False
2024-01-06 15:00:00,Asia Pacific,Singapore,Singapore,ap-southeast-1,4,358,65.08020476975969,1.7560874174329568,151.83333333333334,39.73459843452578,4,60.97312578292614,0.0559607152554116,0.31535138467669444,82.07171204213583,False
2024-01-06 15:00:00,Asia Pacific,Japan,Tokyo,ap-northeast-1,5,883,101.03439352162408,3.39080844037756,143.5,57.71724718805318,2,82.8331530834896,0.07786250698959211,0.6796793233017333,89.46854830003292,False
2024-01-06 15:00:00,South America,Brazil,São Paulo,sa-east-1,17,3692,718.5282264608751,2.6983616028302277,176.83333333333334,78.22566534777397,2,99.60781158365728,0.05065099135604251,3.580215945716351,63.326030439168704,True
2024-01-06 18:00:00,North America,USA,Virginia,us-east-1,18,4943,719.213204684246,6.658624101435128,105.16666666666667,5.91943690400025,2,77.14660117029096,0.07168801717443177,3.640685928427972,75.98757218753985,True
2024-01-06 18:00:00,North America,USA,Oregon,us-west-2,15,3537,516.9968583625422,1.616563983133838,108.5,34.42014815928758,6,74.88208415075759,0.08805635022671507,2.4930119510419386,75.14216657458738,True
2024-01-06 18:00:00,Europe,Ireland,Dublin,eu-west-1,23,344,19.65871517668454,3.0102828888600297,138.5,91.71760197705537,5,73.56470471211648,0.05576517701659199,0.23418268406016118,64.24878116883627,False
2024-01-06 18:00:00,Asia Pacific,Singapore,Singapore,ap-southeast-1,7,784,140.70538697674704,2.6759071377442463,151.83333333333334,74.83115046879465,3,39.30285683380578,0.052223719742876706,0.2064615086112276,58.43177951759368,False
2024-01-06 18:00:00,Asia Pacific,Japan,Tokyo,ap-northeast-1,8,943,179.09190171426744,2.402555370303575,143.5,59.549524565005584,5,24.16760668181455,0.08511508911746897,0.1697562533918398,72.09002516049826,False
2024-01-06 18:00:00,South America,Brazil,São Paulo,sa-east-1,20,717,136.2415110061063,3.1237036600345616,176.83333333333334,40.71776153949154,6,43.8746095007217,0.074364149586927,0.36054838140239115,88.60397677946195,False
2024-01-06 21:00:00,North America,USA,Virginia,us-east-1,21,687,99.43805356346513,2.3618435271754517,105.16666666666667,75.52506433317504,6,41.86283934358452,0.029287144044350136,0.38779655718337747,53.63967803216019,False
2024-01-06 21:00:00,North America,USA,Oregon,us-west-2,18,1260,104.12705907047724,1.982730877348724,108.5,40.68611575915931,5,88.9412027522017,0.09592761957079032,0.4150869692133969,63.27230764618915,True
2024-01-06 21:00:00,Europe,Ireland,Dublin,eu-west-1,2,703,44.7721816011244,0.5195511832759829,138.5,51.051030848527596,3,12.058188599787481,0.04485580314020876,0.3900577989065272,93.42931880963687,False
2024-01-06 21:00:00,Asia Pacific,Singapore,Singapore,ap-southeast-1,10,1285,67.90048638018519,7.6522516135453,151.83333333333334,85.58795182487356,3,35.19176356650472,0.08925049568506596,0.40610335557333516,51.49643784235145,True
2024-01-06 21:00:00,Asia Pacific,Japan,Tokyo,ap-northeast-1,11,2734,279.21888742531047,5.021337729094516,143.5,91.72033166973321,3,63.98568265473879,0.0684996726998326,2.4092890712494084,74.8909106950006,True
2024-01-06 21:00:00,South America,Brazil,São Paulo,sa-east-1,23,891,98.26305856142527,3.6653445445793276,176.83333333333334,65.0758557188407,4,34.94190582646921,0.07693156187018275,0.7193394249830998,56.55439656306322,False
2024-01-07 00:00:00,North America,USA,Virginia,us-east-1,0,454,79.66646545820545,0.6885325730860133,105.16666666666667,60.10094435790683,4,92.98551565295121,0.028009800185010272,0.06994696606277231,60.77536660312266,False
2024-01-07 00:00:00,North America,USA,Oregon,us-west-2,21,496,53.37648871958304,2.039773452213053,108.5,93.2342504358187,4,18.400354479665854,0.07121289520882196,0.4824428561018163,58.13108606952755,False
2024-01-07 00:00:00,Europe,Ireland,Dublin,eu-west-1,5,908,116.98793221986826,2.5890715999958656,138.5,63.42680649127393,5,16.221251276260695,0.024320884193475837,0.5827599769698738,63.716676350277325,False
2024-01-07 00:00:00,Asia Pacific,Singapore,Singapore,ap-southeast-1,13,1907,315.1876964579443,8.775253810339033,151.83333333333334,23.995876203694714,4,92.23358401634404,0.07163969385923072,0.79776867106326,98.55072228100818,True
2024-01-07 00:00:00,Asia Pacific,Japan,Tokyo,ap-northeast-1,14,1767,337.2808881050318,6.233530439227838,143.5,5.500291665786232,5,29.42055239908388,0.0592851243689127,0.7478257482319575,52.13985096272652,True
2024-01-07 00:00:00,South America,Brazil,São Paulo,sa-east-1,2,340,38.28119608706985,4.498812924895624,176.83333333333334,29.242013844394897,3,43.083430700359706,0.06775173884749187,0.261398294457866,67.01695039980197,False
