timestamp,operation_type,consistency_level,request_count,avg_latency_ms,p95_latency_ms,p99_latency_ms,error_count,success_count,error_rate_percent,data_transferred_mb,is_peak_hour,hour_of_day
2024-01-07 00:00:00,GET,STRONG,644,4.224224869574044,11.845870602375296,16.151256509674116,0,644,0.04333935394678658,47.651748590178975,False,0
2024-01-07 00:00:00,GET,QUORUM,1074,3.1769963295041053,10.749359060591543,10.587019212661856,0,1074,0.0317061798940601,95.17886914030649,False,0
2024-01-07 00:00:00,GET,EVENTUAL,429,0.9191124969362214,2.1153016200777417,3.5553782680351484,0,429,0.03071970352782501,9.404684032957217,False,0
2024-01-07 00:00:00,PUT,STRONG,138,8.135733370384942,29.246504662169407,29.56759690448974,0,138,0.08164673654209262,7.477480166180348,False,0
2024-01-07 00:00:00,PUT,QUORUM,231,5.925763105834598,22.323465133414498,31.8542549825626,0,231,0.011824009763696,20.614664976297902,False,0
2024-01-07 00:00:00,PUT,EVENTUAL,92,1.9355708930599003,5.277260898655538,10.721437191469857,0,92,0.07721234226619772,2.8800674799865202,False,0
2024-01-07 00:00:00,DELETE,STRONG,30,6.5764912556528,21.923077556228204,35.08540419927552,0,30,0.07137082704903208,2.4937699659807286,False,0
2024-01-07 00:00:00,DELETE,QUORUM,50,3.4136147383966144,8.222050397178041,12.93898483794112,0,50,0.012437419789892205,2.132215580273596,False,0
2024-01-07 00:00:00,DELETE,EVENTUAL,20,1.2739386634558607,4.802681398851048,5.890606248939232,0,20,0.07841840554837654,1.0316218202518639,False,0
2024-01-07 00:00:00,SCAN,STRONG,13,40.56338784261712,109.35723511442808,161.84689592909538,0,13,0.04224697654004944,0.7245706609586094,False,0
2024-01-07 00:00:00,SCAN,QUORUM,23,24.716104526642734,82.08214656474244,111.59807677892556,0,23,0.07628231211171882,1.1850129289272722,False,0
2024-01-07 00:00:00,SCAN,EVENTUAL,9,8.16347208230239,16.73030319167478,47.67457119103624,0,9,0.0595766606027592,0.281245448036139,False,0
2024-01-07 00:00:00,INCR,STRONG,63,6.727070435465787,16.606855440605592,33.12068090750775,0,63,0.05233147060172482,5.709717409209012,False,0
2024-01-07 00:00:00,INCR,QUORUM,106,3.484688422748136,10.952204192608171,10.951450132700243,0,106,0.06181536024476118,5.587720152629943,False,0
2024-01-07 00:00:00,INCR,EVENTUAL,42,1.736343447092505,3.531131838078609,6.935977470516804,0,42,0.039615280882521434,2.590205548960972,False,0
2024-01-07 01:00:00,GET,STRONG,570,5.669795462534228,16.24710512699572,17.034310362006664,0,570,0.016040757214936325,42.263476947099846,False,1
2024-01-07 01:00:00,GET,QUORUM,950,2.5086608691008543,6.200257646977343,12.73272342240627,0,950,0.055324800892227244,81.48184567128395,False,1
2024-01-07 01:00:00,GET,EVENTUAL,380,0.8767929435963714,2.337271867685291,3.1220985128297896,0,380,0.06690242680127001,23.353843647093186,False,1
2024-01-07 01:00:00,PUT,STRONG,128,6.774230877664544,13.585069405355728,20.897259146473818,0,128,0.06410304907192975,5.776808649133622,False,1
2024-01-07 01:00:00,PUT,QUORUM,213,5.663920318376125,19.21192122066001,17.061069485955098,0,213,0.052354568116212294,13.499630341661792,False,1
2024-01-07 01:00:00,PUT,EVENTUAL,85,2.082914712026698,6.622385693316799,7.745290072151062,0,85,0.04727572587314967,1.8640864658098173,False,1
2024-01-07 01:00:00,DELETE,STRONG,25,6.505862165034257,24.540471739936606,38.29395414184307,0,25,0.09001706542038287,2.1368765751131664,False,1
2024-01-07 01:00:00,DELETE,QUORUM,43,4.174793625880298,16.10887227145993,24.765435596396614,0,43,0.042789548954708635,4.088926232850016,False,1
2024-01-07 01:00:00,DELETE,EVENTUAL,17,1.4673776937484415,4.206124339454123,7.010724411211807,0,17,0.09205731444470702,0.4979099060762193,False,1
2024-01-07 01:00:00,SCAN,STRONG,14,53.381098862333,107.52121703770688,315.6496087896118,0,14,0.021797322621886144,0.9247033279837339,False,1
2024-01-07 01:00:00,SCAN,QUORUM,23,34.34470121928478,135.96413277822634,150.5709468375347,0,23,0.033768470509788026,0.32925035462931174,False,1
2024-01-07 01:00:00,SCAN,EVENTUAL,9,9.48357658578464,24.78144427366487,54.93463635068745,0,9,0.06734160865802427,0.855705319614696,False,1
2024-01-07 01:00:00,INCR,STRONG,54,6.6983349640326075,21.981073001216142,29.725066196668383,0,54,0.0423836080004734,1.8622926347290842,False,1
2024-01-07 01:00:00,INCR,QUORUM,91,3.235928382866393,9.515781716620612,14.914634439197318,0,91,0.05224076148270991,3.822264687311494,False,1
2024-01-07 01:00:00,INCR,EVENTUAL,36,1.6147966335422457,4.4433928840540196,6.993771888824293,0,36,0.08327095257081607,1.983454881051278,False,1
2024-01-07 02:00:00,GET,STRONG,560,4.0655906328864555,11.700154784516391,15.591342365360708,0,560,0.04091028582945437,25.35291369732999,False,2
2024-01-07 02:00:00,GET,QUORUM,934,3.0796266153268337,6.444311332154383,11.582318946779095,0,934,0.049162818490181004,39.59945176756975,False,2
2024-01-07 02:00:00,GET,EVENTUAL,373,0.8435878201997338,2.1003642418889745,2.5693937017856507,0,373,0.03419415889437698,36.65428051641351,False,2
2024-01-07 02:00:00,PUT,STRONG,133,8.039232190310905,28.236411719908293,48.20256069542407,0,133,0.05985637222564472,10.959723094219402,False,2
2024-01-07 02:00:00,PUT,QUORUM,222,4.282298174913678,15.32720132572495,20.503184036558327,0,222,0.06441278754504062,8.606488477521472,False,2
2024-01-07 02:00:00,PUT,EVENTUAL,89,2.289292018833722,5.196706497825702,12.463122583360194,0,89,0.025769275929454046,2.0291077698660493,False,2
2024-01-07 02:00:00,DELETE,STRONG,27,6.437585837347835,13.095542248705195,28.071395072708093,0,27,0.06794717831815832,1.4124342495967712,False,2
2024-01-07 02:00:00,DELETE,QUORUM,46,3.589628228470617,9.548671415649071,12.357136820016066,0,46,0.04283465259424263,2.4620003150395395,False,2
2024-01-07 02:00:00,DELETE,EVENTUAL,18,1.5251253560280125,4.342559336097589,6.645554148998969,0,18,0.05116351545962884,0.3570191273370681,False,2
2024-01-07 02:00:00,SCAN,STRONG,12,47.869248631664014,185.11780985798634,191.77080940137174,0,12,0.029814849916755433,0.5179670631427897,False,2
2024-01-07 02:00:00,SCAN,QUORUM,21,35.195528864156394,136.18922577557228,154.46189841680837,0,21,0.058853037056090234,0.594024055399565,False,2
2024-01-07 02:00:00,SCAN,EVENTUAL,8,11.751050318288133,23.567482848483294,67.79292947459041,0,8,0.07422208198349896,0.6691272378314944,False,2
2024-01-07 02:00:00,INCR,STRONG,51,6.699216296445883,17.74445474900063,28.55819071955797,0,51,0.045588708124401287,4.704345731985044,False,2
2024-01-07 02:00:00,INCR,QUORUM,86,3.5219794433967904,12.025705683170193,11.884094191105946,0,86,0.07976790586569536,6.928112105170005,False,2
2024-01-07 02:00:00,INCR,EVENTUAL,34,2.275513570906631,4.671349547470826,13.275014871345501,0,34,0.04224348212235829,2.2682620485619998,False,2
2024-01-07 03:00:00,GET,STRONG,494,5.06228452301317,12.782793081226586,23.83702481682714,0,494,0.0462330097043983,5.026219588883182,False,3
2024-01-07 03:00:00,GET,QUORUM,823,3.071029913377753,11.274613368646206,17.185150640975664,0,823,0.032666716767475686,74.4153091483662,False,3
2024-01-07 03:00:00,GET,EVENTUAL,329,0.8289069117389436,2.3105435171910886,2.82690718902292,0,329,0.04768124116094921,10.434514437011659,False,3
2024-01-07 03:00:00,PUT,STRONG,112,9.363683368079004,35.53360205489444,36.139548231337734,0,112,0.05833129894341055,5.259622777094005,False,3
2024-01-07 03:00:00,PUT,QUORUM,187,5.304205040113798,15.613890014260456,29.39990406900846,0,187,0.01798759363994963,18.521538217018715,False,3
2024-01-07 03:00:00,PUT,EVENTUAL,74,2.027851773935587,8.109022523173206,6.252887857290943,0,74,0.03451965322316611,5.2350042151361125,False,3
2024-01-07 03:00:00,DELETE,STRONG,25,6.06485523344158,21.360708305802167,25.293109256854187,0,25,0.070011215648072,1.3804108132319863,False,3
2024-01-07 03:00:00,DELETE,QUORUM,42,4.146995605226738,16.055769806496595,16.1000247785861,0,42,0.059603299796138653,1.5170936989082109,False,3
2024-01-07 03:00:00,DELETE,EVENTUAL,17,1.4152078238943997,3.6980860930891613,6.753556844009863,0,17,0.07482975499241863,0.7028577378646153,False,3
2024-01-07 03:00:00,SCAN,STRONG,11,47.25471670402453,163.939043446493,203.6806807476495,0,11,0.032748384581774544,0.6981139397006967,False,3
2024-01-07 03:00:00,SCAN,QUORUM,19,30.305705690359236,77.48361212783819,121.2830414342159,0,19,0.0863739783912091,0.4486011823187328,False,3
2024-01-07 03:00:00,SCAN,EVENTUAL,7,10.774312891082488,38.19625618020837,34.624088051822895,0,7,0.045257552381612276,0.40400448924740967,False,3
2024-01-07 03:00:00,INCR,STRONG,49,6.509955826383539,20.216728356918853,24.549429426191075,0,49,0.02088012535081917,1.1681273895103226,False,3
2024-01-07 03:00:00,INCR,QUORUM,83,4.36279106872435,12.600317754836327,20.189835935984593,0,83,0.03661461433062522,4.088212610900662,False,3
2024-01-07 03:00:00,INCR,EVENTUAL,33,2.199323104151997,7.666578680830774,6.618295199152721,0,33,0.04941344264261559,1.533018359415012,False,3
2024-01-07 04:00:00,GET,STRONG,431,5.505588791145097,14.05851808635748,23.165972518387655,0,431,0.07490878944231406,8.412747804092655,False,4
2024-01-07 04:00:00,GET,QUORUM,718,2.5315615160778213,9.583183365413992,14.146828287967292,0,718,0.06908859386497382,24.07999849505412,False,4
2024-01-07 04:00:00,GET,EVENTUAL,287,0.9159386358905781,3.515075136431116,2.749916867257335,0,287,0.06219322322198747,21.39537690892382,False,4
2024-01-07 04:00:00,PUT,STRONG,108,7.674859707357281,21.722248621161924,45.03980029986981,0,108,0.022895535499367094,1.6332500119716669,False,4
2024-01-07 04:00:00,PUT,QUORUM,180,4.055185486871519,11.231813538077343,17.942396913822602,0,180,0.05682210339138007,5.4020927212350704,False,4
2024-01-07 04:00:00,PUT,EVENTUAL,72,1.9200803911363904,4.757824350814973,6.42790492701033,0,72,0.09141932126100887,2.9797852453399636,False,4
2024-01-07 04:00:00,DELETE,STRONG,23,5.695563151437409,15.215204645238115,25.22745219992474,0,23,0.04603439696865759,1.2968736252308166,False,4
2024-01-07 04:00:00,DELETE,QUORUM,39,4.710577340107526,18.780124720998757,20.13942624053655,0,39,0.05587365348754239,3.1122628121400324,False,4
2024-01-07 04:00:00,DELETE,EVENTUAL,15,1.2783635801230164,4.592668987860126,6.212571101283279,0,15,0.09443396508253964,1.3210796874603465,False,4
2024-01-07 04:00:00,SCAN,STRONG,11,51.045451903202185,192.76900754811797,222.56864781731718,0,11,0.08320215444673587,1.0291726565173733,False,4
2024-01-07 04:00:00,SCAN,QUORUM,18,29.4841496733065,76.21283325276167,138.5298628838809,0,18,0.0526078802656357,0.5089606543328469,False,4
2024-01-07 04:00:00,SCAN,EVENTUAL,7,8.995594966136398,24.936303320302123,35.24990648927103,0,7,0.09627663888265871,0.36069942830429375,False,4
2024-01-07 04:00:00,INCR,STRONG,41,6.766502983081463,15.309131411481482,34.553931656017106,0,41,0.0803955045450314,3.735321623519879,False,4
2024-01-07 04:00:00,INCR,QUORUM,69,3.4488141045128864,10.20554422470855,10.749565610545808,0,69,0.014565907592379102,1.421667901102505,False,4
2024-01-07 04:00:00,INCR,EVENTUAL,27,1.9804778450227514,5.239555134339285,11.710349345574718,0,27,0.025703709695230052,0.7318410356815441,False,4
2024-01-07 05:00:00,GET,STRONG,458,4.356678350890814,11.488752131394795,24.966550931053266,0,458,0.06706945379985067,13.71377878416143,False,5
2024-01-07 05:00:00,GET,QUORUM,764,3.2390940100728893,7.348606648661384,10.27236287094704,0,764,0.031553106280251736,12.782143762306973,False,5
2024-01-07 05:00:00,GET,EVENTUAL,305,0.904474774639359,2.1783274764488323,5.218120500705107,0,305,0.09444770691735943,28.960665474405687,False,5
2024-01-07 05:00:00,PUT,STRONG,116,9.415543869762866,36.67298748242676,30.67981257037486,0,116,0.03326679595112813,2.7116773183186265,False,5
2024-01-07 05:00:00,PUT,QUORUM,194,5.254055320207147,15.468002683305963,27.83650715189123,0,194,0.0998553750109152,19.134888060815946,False,5
2024-01-07 05:00:00,PUT,EVENTUAL,77,2.1002750184951586,5.090612655152338,10.889463469726515,0,77,0.07340048614124955,1.1350802034370575,False,5
2024-01-07 05:00:00,DELETE,STRONG,21,7.727659040625662,29.572393834693713,41.59767386937263,0,21,0.05248067064858008,0.6684258846992048,False,5
2024-01-07 05:00:00,DELETE,QUORUM,36,4.034681125089667,14.271879540874172,16.747304057634192,0,36,0.019014369631206313,1.3975827958190195,False,5
2024-01-07 05:00:00,DELETE,EVENTUAL,14,1.7729831002062622,4.045565211228974,8.295673405151243,0,14,0.05153920527834781,0.5460716517149786,False,5
2024-01-07 05:00:00,SCAN,STRONG,9,52.504372588385294,167.89468137859703,278.58657901090635,0,9,0.08759661613857352,0.29434409732245725,False,5
2024-01-07 05:00:00,SCAN,QUORUM,16,28.899970199606248,66.75351859170853,122.03402484276984,0,16,0.0904022681724434,1.2218645857001011,False,5
2024-01-07 05:00:00,SCAN,EVENTUAL,6,10.107274652236022,34.89317255122348,53.66543636144986,0,6,0.04358735866016506,0.23787660871344019,False,5
2024-01-07 05:00:00,INCR,STRONG,41,6.215759748334596,16.821956045719524,28.684753069613052,0,41,0.04071830308148484,2.1342230700967955,False,5
2024-01-07 05:00:00,INCR,QUORUM,69,4.281112104891773,16.928761477466413,19.547475342562368,0,69,0.06575821530426601,5.798615013487262,False,5
2024-01-07 05:00:00,INCR,EVENTUAL,27,1.981205901458964,6.3350219676812305,11.23469515644907,0,27,0.019212540570750152,0.49320838436357706,False,5
2024-01-07 06:00:00,GET,STRONG,381,4.425432176970191,9.086808585999528,20.04323707748229,0,381,0.050626234488927335,3.9131231784381177,False,6
2024-01-07 06:00:00,GET,QUORUM,635,2.47338332172221,9.79793191958835,10.72033289393861,0,635,0.0911552737000661,20.777890387271388,False,6
2024-01-07 06:00:00,GET,EVENTUAL,254,1.111334998613975,4.374988773085374,4.011752288451388,0,254,0.020012971818648008,6.683669508758019,False,6
2024-01-07 06:00:00,PUT,STRONG,114,8.966760999096278,23.80280440529595,46.96748195612432,0,114,0.036374571904775735,10.08653931092124,False,6
2024-01-07 06:00:00,PUT,QUORUM,191,5.1655115168266805,10.81164967245903,19.863394645606757,0,191,0.07516699646021582,9.009511984912532,False,6
2024-01-07 06:00:00,PUT,EVENTUAL,76,1.6287137521936845,4.188562467411192,5.88636676613438,0,76,0.03040482926138098,6.824948403151113,False,6
2024-01-07 06:00:00,DELETE,STRONG,21,7.273052733250358,26.5782349954638,25.78360581688852,0,21,0.05070341021519246,1.1996876596755837,False,6
2024-01-07 06:00:00,DELETE,QUORUM,36,4.076159569537468,14.150072474232628,12.245126018757313,0,36,0.012047648467842256,2.5541620761235526,False,6
2024-01-07 06:00:00,DELETE,EVENTUAL,14,1.7501163837626228,6.116026274110242,7.448934123705152,0,14,0.061448565146481025,0.572853767489961,False,6
2024-01-07 06:00:00,SCAN,STRONG,10,46.980429664182935,178.9968310525889,267.20110023714085,0,10,0.09143432316901139,0.7506753590638979,False,6
2024-01-07 06:00:00,SCAN,QUORUM,17,26.446690133140926,80.33370916372853,97.01010233226702,0,17,0.018550384181142337,1.0060832826627237,False,6
2024-01-07 06:00:00,SCAN,EVENTUAL,7,10.954186082729,31.12056012855007,52.28992750025434,0,7,0.03518749856586199,0.6488831229302159,False,6
2024-01-07 06:00:00,INCR,STRONG,40,6.7060775936479065,24.935847953702353,26.801273717899154,0,40,0.06836154735964357,1.4820663980871505,False,6
2024-01-07 06:00:00,INCR,QUORUM,68,4.35153557163892,16.37335343509883,15.683763772432124,0,68,0.04210778686473661,5.69565319183144,False,6
2024-01-07 06:00:00,INCR,EVENTUAL,27,2.229290440966034,5.573874713570024,10.445843578617884,0,27,0.06326775693113909,2.4505011630165674,False,6
2024-01-07 07:00:00,GET,STRONG,465,4.387754686075409,17.26241840186933,24.980025114276195,0,465,0.09832697916211026,22.096121796176647,False,7
2024-01-07 07:00:00,GET,QUORUM,775,3.21825944140321,8.309476314977369,18.18240869943849,0,775,0.06800744568491152,33.06848404532619,False,7
2024-01-07 07:00:00,GET,EVENTUAL,310,1.1951892303431613,2.5414627283731948,4.753163031100311,0,310,0.07078592677437674,29.86097728702445,False,7
2024-01-07 07:00:00,PUT,STRONG,109,6.929979203002949,25.77590456910501,35.46942641029692,0,109,0.03686742951294393,6.48354180228464,False,7
2024-01-07 07:00:00,PUT,QUORUM,182,5.378981564467454,20.71089569504439,28.91347421958643,0,182,0.07554676690230007,17.039081128203648,False,7
2024-01-07 07:00:00,PUT,EVENTUAL,72,1.7761362377615102,4.999554120684873,8.670735854342372,0,72,0.07205829275325401,2.402379549496642,False,7
2024-01-07 07:00:00,DELETE,STRONG,23,7.909279712072271,25.49523334136546,31.878735807786516,0,23,0.056886035549798285,1.436167378108547,False,7
2024-01-07 07:00:00,DELETE,QUORUM,38,4.237484923108124,12.851644612426025,20.580625411075218,0,38,0.08852118153436582,2.5969882069147756,False,7
2024-01-07 07:00:00,DELETE,EVENTUAL,15,1.4054037773547807,3.240540848319403,8.019660276736285,0,15,0.02594337665261696,0.1975149967645267,False,7
2024-01-07 07:00:00,SCAN,STRONG,10,41.08491196836669,156.17765731272618,183.95047009115012,0,10,0.044340940076935724,0.4071018912076727,False,7
2024-01-07 07:00:00,SCAN,QUORUM,18,33.50506427906624,132.73545696032627,156.35421138099517,0,18,0.02553771961975618,0.6364823523581169,False,7
2024-01-07 07:00:00,SCAN,EVENTUAL,7,10.138375024238313,26.435051654130504,60.39304497225211,0,7,0.05815128258234624,0.29769652609180386,False,7
2024-01-07 07:00:00,INCR,STRONG,43,5.038605977409334,18.09632300429426,26.939334344078734,0,43,0.031239157190291876,0.5211024672442617,False,7
2024-01-07 07:00:00,INCR,QUORUM,72,3.8481165923381413,10.472879029218815,19.73500813914133,0,72,0.08928370588347405,6.563207834801258,False,7
2024-01-07 07:00:00,INCR,EVENTUAL,29,2.2847992071230094,6.713111870969437,7.10868455880482,0,29,0.019249958681288936,1.4290798442917128,False,7
2024-01-07 08:00:00,GET,STRONG,485,5.023293241111894,13.235431448914422,19.660536642180865,0,485,0.09596286399263562,44.98689138232547,False,8
2024-01-07 08:00:00,GET,QUORUM,808,3.3276749899981564,11.97748586972409,15.021344106147698,0,808,0.01614799688873983,22.338225682478274,False,8
2024-01-07 08:00:00,GET,EVENTUAL,323,0.9848805063396745,2.759509184271148,4.203726847338506,0,323,0.09855918285523373,16.650906620218255,False,8
2024-01-07 08:00:00,PUT,STRONG,100,8.816053912494528,20.79080918442288,27.82809533740147,0,100,0.04284183105235538,5.515404882002549,False,8
2024-01-07 08:00:00,PUT,QUORUM,168,4.989082304662555,16.583842177498934,22.177400564155157,0,168,0.09466099025703448,3.4742729799495313,False,8
2024-01-07 08:00:00,PUT,EVENTUAL,67,2.3672625056390393,7.462055139996569,12.784648534025516,0,67,0.044297267883300684,1.582995128924975,False,8
2024-01-07 08:00:00,DELETE,STRONG,23,6.756893809109652,18.345262463004584,20.7504814986647,0,23,0.020529268439544026,2.2243455511886343,False,8
2024-01-07 08:00:00,DELETE,QUORUM,39,4.609525654471537,10.943763207788395,20.565128523842503,0,39,0.06471932583774573,3.1195845157976163,False,8
2024-01-07 08:00:00,DELETE,EVENTUAL,15,1.7763785667432943,6.01498273105912,6.6576489542531405,0,15,0.015617463281816,0.7065588387774115,False,8
2024-01-07 08:00:00,SCAN,STRONG,12,44.47775066303946,175.45523844364666,263.0350948060908,0,12,0.09561555913079581,0.606475849655643,False,8
2024-01-07 08:00:00,SCAN,QUORUM,20,27.058575559322357,62.89808232322492,159.3306305488585,0,20,0.038994611652844846,0.21540201758681918,False,8
2024-01-07 08:00:00,SCAN,EVENTUAL,8,10.553800909902481,30.31266794256648,43.37881585972115,0,8,0.011734265936369314,0.7732375612595495,False,8
2024-01-07 08:00:00,INCR,STRONG,46,6.90121097380811,20.760582370735897,35.601790332580066,0,46,0.08775846366292965,2.5031068511760495,False,8
2024-01-07 08:00:00,INCR,QUORUM,77,3.3938879532221073,6.794358531521038,10.865850897139026,0,77,0.09962887362863967,1.445643774846306,False,8
2024-01-07 08:00:00,INCR,EVENTUAL,31,1.789789547866911,6.800704882714149,5.390656852393366,0,31,0.09320770440381564,1.3440246751999014,False,8
2024-01-07 09:00:00,GET,STRONG,1791,5.61597446318872,15.101497256231522,22.08940775213461,9,1782,0.5542783559268581,158.58065010433756,True,9
2024-01-07 09:00:00,GET,QUORUM,2986,3.371050586781299,10.428080460023237,15.490608113055936,21,2965,0.7330541203299348,226.54021840103607,True,9
2024-01-07 09:00:00,GET,EVENTUAL,1194,1.1665456683221038,3.5368589158068398,4.068708058383911,2,1192,0.24380906863119858,94.96027287332204,True,9
2024-01-07 09:00:00,PUT,STRONG,511,6.490226537466991,22.396161689627153,30.00089152041519,3,508,0.7311128179675369,20.629704045644083,True,9
2024-01-07 09:00:00,PUT,QUORUM,853,5.245931538324143,12.610846139587178,21.21309222507745,7,846,0.9336159120482344,48.763207202347914,True,9
2024-01-07 09:00:00,PUT,EVENTUAL,341,2.1682844562676458,7.5609460793154835,12.597010267980899,0,341,0.15033509611110518,18.13653923648916,True,9
2024-01-07 09:00:00,DELETE,STRONG,115,6.723734596814783,21.524917416887792,32.214789740994874,0,115,0.3850371746300129,5.816427974071265,True,9
2024-01-07 09:00:00,DELETE,QUORUM,192,4.0425221029944955,12.909590802903152,20.098362511933225,1,191,0.8632147898882679,11.869587841056015,True,9
2024-01-07 09:00:00,DELETE,EVENTUAL,76,1.2727863489778972,4.858376053262322,5.340719359178627,0,76,0.694730884313543,2.919730169753412,True,9
2024-01-07 09:00:00,SCAN,STRONG,73,43.55668738377585,133.0971153782349,195.9221590235472,0,73,0.4950352878059641,6.190628772171223,True,9
2024-01-07 09:00:00,SCAN,QUORUM,123,31.65724612776045,121.4566846933849,129.88064590953516,0,123,0.774582642805685,10.667154627656743,True,9
2024-01-07 09:00:00,SCAN,EVENTUAL,49,8.520711103196987,18.05909558239188,39.686622685931404,0,49,0.9169875887463312,1.6393183915160772,True,9
2024-01-07 09:00:00,INCR,STRONG,249,7.109983761011135,16.565913524357207,40.10612522944055,0,249,0.1926085666437382,13.112826803915626,True,9
2024-01-07 09:00:00,INCR,QUORUM,416,3.5840217062616664,10.740295065607704,16.024713709945118,1,415,0.429220512989521,15.007501147215411,True,9
2024-01-07 09:00:00,INCR,EVENTUAL,166,1.6058976788456014,5.762172220700877,9.222914018315377,0,166,0.5752352672945138,9.93132182368063,True,9
2024-01-07 10:00:00,GET,STRONG,1998,4.1298290713630115,12.415298658664335,24.323315956969733,12,1986,0.6443594962043769,37.45001775406068,True,10
2024-01-07 10:00:00,GET,QUORUM,3330,2.5830868823146425,10.192976503001828,12.794259968527737,6,3324,0.19164958332808266,244.63750629288722,True,10
2024-01-07 10:00:00,GET,EVENTUAL,1332,1.1056073482591757,2.357439627670298,3.7092023707164183,5,1327,0.4003917612307827,79.54492046983383,True,10
2024-01-07 10:00:00,PUT,STRONG,480,7.926423898180802,29.00058163094576,42.343015628708294,1,479,0.26042588186899734,35.968984040043516,True,10
2024-01-07 10:00:00,PUT,QUORUM,801,5.53949205244191,18.97502084709426,23.523641782352673,2,799,0.30751738422789787,9.248362302514774,True,10
2024-01-07 10:00:00,PUT,EVENTUAL,320,2.3865551712863695,7.60032730585103,9.051001564022462,2,318,0.8243943551227466,5.911409806649635,True,10
2024-01-07 10:00:00,DELETE,STRONG,116,7.574783014379365,17.633692733868422,25.378386315327397,0,116,0.44382342431395666,4.595574881014196,True,10
2024-01-07 10:00:00,DELETE,QUORUM,194,4.438212436033622,9.294868009653532,17.4761509466115,1,193,0.9345579849192477,8.284998543842734,True,10
2024-01-07 10:00:00,DELETE,EVENTUAL,77,1.6321485147251829,5.988822799396761,9.70916373422373,0,77,0.3217985268612323,0.8311707335297025,True,10
2024-01-07 10:00:00,SCAN,STRONG,78,55.6214164568286,134.02955707269768,321.5089143686544,0,78,0.8674908058478491,4.476362999202421,True,10
2024-01-07 10:00:00,SCAN,QUORUM,131,29.397863436295044,88.34343531053165,172.94049332725905,0,131,0.509086875662297,12.241151009351528,True,10
2024-01-07 10:00:00,SCAN,EVENTUAL,52,9.844462824040082,34.13822614830922,58.656644218911204,0,52,0.6138786475794693,2.810959653929408,True,10
2024-01-07 10:00:00,INCR,STRONG,244,5.168620665350973,18.614375569718327,19.578505579177527,2,242,0.9308930735996747,14.347887670791845,True,10
2024-01-07 10:00:00,INCR,QUORUM,408,3.8630624081324494,13.446701313150795,18.76708997058444,4,404,0.9823115552567374,33.77319382017453,True,10
2024-01-07 10:00:00,INCR,EVENTUAL,163,1.6329609512860954,5.456791725540098,6.003477709692581,1,162,0.9716287341565291,6.7336800408775686,True,10
2024-01-07 11:00:00,GET,STRONG,2298,5.20784332389188,20.650424583395267,17.83256780618688,19,2279,0.8628696688337055,99.99762030777555,True,11
2024-01-07 11:00:00,GET,QUORUM,3831,3.0608238810791777,7.818940490211955,11.670659021278487,4,3827,0.12355084048291838,203.50562928067401,True,11
2024-01-07 11:00:00,GET,EVENTUAL,1532,1.0611548547902938,3.3101497599406495,5.113203616733883,13,1519,0.8673971986310252,121.74177371435191,True,11
2024-01-07 11:00:00,PUT,STRONG,507,6.479094014106496,23.966962945454974,25.672211141887924,3,504,0.7678292051598917,46.50357842882933,True,11
2024-01-07 11:00:00,PUT,QUORUM,846,5.040946637520513,15.123480358999231,16.46761860352249,7,839,0.88068831829307,59.76890934579943,True,11
2024-01-07 11:00:00,PUT,EVENTUAL,338,1.7110438519351763,4.14055075243327,7.796115139882407,1,337,0.5257736748411523,29.25666556657085,True,11
2024-01-07 11:00:00,DELETE,STRONG,128,7.213781270030328,17.124792651014157,33.55832189319698,0,128,0.35241634212594547,12.256293229415522,True,11
2024-01-07 11:00:00,DELETE,QUORUM,214,4.4831156213536865,15.277708173516059,26.035681310164332,2,212,0.9484354581810125,20.43578395333751,True,11
2024-01-07 11:00:00,DELETE,EVENTUAL,85,1.492295883362487,3.950417826288864,7.6173129663818395,0,85,0.6315785833313067,5.476763723740624,True,11
2024-01-07 11:00:00,SCAN,STRONG,81,43.82815442641989,102.4715457115493,152.9937696785793,0,81,0.2507788573767662,6.884029572800807,True,11
2024-01-07 11:00:00,SCAN,QUORUM,136,34.013835728735046,78.12979177664047,164.42056304364954,0,136,0.5950183992986748,7.236198043987737,True,11
2024-01-07 11:00:00,SCAN,EVENTUAL,54,11.82277084927656,30.55836613912861,58.65334572135903,0,54,0.3957892157372965,2.390899591185192,True,11
2024-01-07 11:00:00,INCR,STRONG,303,6.10547522463707,22.56419555063369,19.439416177334785,0,303,0.16659482694629946,10.321608262809558,True,11
2024-01-07 11:00:00,INCR,QUORUM,505,3.5371385526633956,8.795058219284138,17.64403819454048,2,503,0.43299047024219234,22.27090188232272,True,11
2024-01-07 11:00:00,INCR,EVENTUAL,202,2.2810794333565463,9.112391345913972,13.256396308877832,1,201,0.6937290166160783,11.065867679483487,True,11
2024-01-07 12:00:00,GET,STRONG,2536,5.958903645233344,19.368591829437182,31.96918458248008,4,2532,0.19675933070145932,251.6888764615156,True,12
2024-01-07 12:00:00,GET,QUORUM,4228,3.0677261400877023,10.012043788149402,15.517157190362106,38,4190,0.9116151380234472,297.0604383715813,True,12
2024-01-07 12:00:00,GET,EVENTUAL,1691,0.9651795437919872,2.4189475303437913,5.524110813179966,14,1677,0.8796035146096738,165.73884848806492,True,12
2024-01-07 12:00:00,PUT,STRONG,624,8.01468526108209,26.860529732222155,44.25597550531828,3,621,0.5510820311212552,38.850504118815024,True,12
2024-01-07 12:00:00,PUT,QUORUM,1041,5.597162898914322,15.179726469825079,22.781077166235747,2,1039,0.2197590615644649,64.65932736545285,True,12
2024-01-07 12:00:00,PUT,EVENTUAL,416,1.870394879172467,6.45785511814229,6.084212149899651,3,413,0.8652998560008424,7.462815557214229,True,12
2024-01-07 12:00:00,DELETE,STRONG,136,6.2226723494784375,23.84906668291514,27.818597138335868,0,136,0.10460452029150606,9.28167108983142,True,12
2024-01-07 12:00:00,DELETE,QUORUM,227,3.4554717717377406,11.741145202764258,15.868808396829138,1,226,0.7310766992755878,19.171191413274926,True,12
2024-01-07 12:00:00,DELETE,EVENTUAL,91,1.6168541997306467,4.400241121490563,8.350202522720929,0,91,0.2927282862366697,1.3201635774578517,True,12
2024-01-07 12:00:00,SCAN,STRONG,90,59.26887632123682,146.27794160741934,256.43084003528105,0,90,0.6487002350120814,1.0615551667869707,True,12
2024-01-07 12:00:00,SCAN,QUORUM,150,31.52532233342842,109.12426307748738,131.67865647922974,0,150,0.6652778990414292,4.556050614385371,True,12
2024-01-07 12:00:00,SCAN,EVENTUAL,60,8.693903108104287,34.52910826548568,49.027746784649004,0,60,0.7435982482849841,5.59779964766611,True,12
2024-01-07 12:00:00,INCR,STRONG,328,5.69421572735554,12.29315424568066,32.028966043561915,3,325,0.9819227814509689,25.02132671432278,True,12
2024-01-07 12:00:00,INCR,QUORUM,547,4.715437233075497,12.695000542188632,27.44536000279,3,544,0.6548205517093397,49.656747599797924,True,12
2024-01-07 12:00:00,INCR,EVENTUAL,219,1.8515129920218134,4.746538735221038,9.401511804565661,0,219,0.43449944761911313,6.137394529272789,True,12
2024-01-07 13:00:00,GET,STRONG,2644,4.062620213865173,14.145278138822928,23.93465139911806,23,2621,0.9060086336088988,146.2736362121598,True,13
2024-01-07 13:00:00,GET,QUORUM,4407,3.1890724983978007,9.701398697016014,11.448376689100861,24,4383,0.5459868697144263,400.89328556814826,True,13
2024-01-07 13:00:00,GET,EVENTUAL,1763,1.0516564893313651,2.7585708205189596,4.66306355512632,7,1756,0.4383558392909087,123.60384649814641,True,13
2024-01-07 13:00:00,PUT,STRONG,641,8.547150181772688,28.347710189922775,37.03071168314647,1,640,0.25865884516408444,46.643088277572154,True,13
2024-01-07 13:00:00,PUT,QUORUM,1069,5.2477755259468575,11.439828546986313,27.873418933110447,4,1065,0.3755728961890338,37.29923869870958,True,13
2024-01-07 13:00:00,PUT,EVENTUAL,427,1.9388371914419031,4.114605667480144,9.27585985325075,3,424,0.7199886420820726,23.035184355430385,True,13
2024-01-07 13:00:00,DELETE,STRONG,157,6.0549165320641976,23.710326443984517,22.662944476145057,1,156,0.6504749259199839,7.02853132588168,True,13
2024-01-07 13:00:00,DELETE,QUORUM,262,3.436789707212751,7.916823166093498,20.14523891045266,2,260,0.8069970878346772,7.049433225979385,True,13
2024-01-07 13:00:00,DELETE,EVENTUAL,105,1.2785728704710686,4.893231846948927,7.412299343497442,0,105,0.3997983387592803,3.866654041858977,True,13
2024-01-07 13:00:00,SCAN,STRONG,102,45.93623260524702,110.41418220571279,145.67197608770505,0,102,0.647557997259137,4.125852219524048,True,13
2024-01-07 13:00:00,SCAN,QUORUM,171,30.094003451657002,89.65135275577613,91.62569014118755,0,171,0.28765638869882687,8.742272575084645,True,13
2024-01-07 13:00:00,SCAN,EVENTUAL,68,10.240508910288566,29.19743214374258,60.45107637940323,0,68,0.8603190037190768,0.7737809885233699,True,13
2024-01-07 13:00:00,INCR,STRONG,315,7.073327780510661,22.810205898860605,34.93141133986804,2,313,0.736730053864251,26.918941465916458,True,13
2024-01-07 13:00:00,INCR,QUORUM,526,3.956958722281286,8.465301342144068,14.582657458291534,1,525,0.329109334987512,23.47386835393281,True,13
2024-01-07 13:00:00,INCR,EVENTUAL,210,1.648843942047853,5.562607082662774,7.632727461579703,1,209,0.7648408191865318,4.305043200931061,True,13
2024-01-07 14:00:00,GET,STRONG,2758,4.183316080679268,9.97848073155147,23.41096605168188,12,2746,0.45103119188073093,207.1882248440619,True,14
2024-01-07 14:00:00,GET,QUORUM,4598,2.78353698633308,11.071352279543976,16.376623623778826,24,4574,0.5255415729864704,121.02535088472005,True,14
2024-01-07 14:00:00,GET,EVENTUAL,1839,1.0478605270648294,4.138838926068691,5.737185814189984,8,1831,0.44543610927241933,38.763223118089826,True,14
2024-01-07 14:00:00,PUT,STRONG,678,6.67281808812468,23.895994412570168,36.45193524296754,3,675,0.5369560118135379,23.804060405002993,True,14
2024-01-07 14:00:00,PUT,QUORUM,1130,4.34352838261768,14.176204117345538,18.11592803333287,11,1119,0.9747020150555736,59.10897262694323,True,14
2024-01-07 14:00:00,PUT,EVENTUAL,452,1.8985942949854393,5.362186779107408,10.098974753394273,2,450,0.647694882037545,4.556547824156939,True,14
2024-01-07 14:00:00,DELETE,STRONG,158,6.55454259548276,13.750952725627847,30.37888104436291,0,158,0.4431362193256935,5.540726082633476,True,14
2024-01-07 14:00:00,DELETE,QUORUM,264,3.3389177759324284,9.893574025555928,13.130234592433492,1,263,0.6839064618291073,11.32495486657143,True,14
2024-01-07 14:00:00,DELETE,EVENTUAL,105,1.2381567269365812,3.3676639259602226,6.236045573718852,0,105,0.855215077293565,10.46636524604017,True,14
2024-01-07 14:00:00,SCAN,STRONG,109,51.190561388665415,191.9210389376706,265.755074029392,0,109,0.8460616907363734,2.6653818578479913,True,14
2024-01-07 14:00:00,SCAN,QUORUM,182,30.120791704030772,77.50584808596682,161.19379920083884,1,181,0.7849237196568501,10.614868117170644,True,14
2024-01-07 14:00:00,SCAN,EVENTUAL,73,11.778817397744952,31.750516056077835,56.25939095948455,0,73,0.8806303296467249,1.144568443611385,True,14
2024-01-07 14:00:00,INCR,STRONG,367,5.238178356223876,18.73935277813308,18.927928971362007,0,367,0.16650658682412783,6.193113014002507,True,14
2024-01-07 14:00:00,INCR,QUORUM,612,3.5332653157593086,8.952496495993048,14.088614198594685,2,610,0.36124279366383283,20.648311021873557,True,14
2024-01-07 14:00:00,INCR,EVENTUAL,244,2.0743780025870113,5.787034221991961,6.990235637489934,1,243,0.5255726591582079,8.698587220348395,True,14
2024-01-07 15:00:00,GET,STRONG,3078,4.263414694451287,11.765647592367444,21.716295233503626,14,3064,0.48699701571024817,268.079455046639,True,15
2024-01-07 15:00:00,GET,QUORUM,5131,3.4372623562732514,11.515610493203214,10.933760392974076,30,5101,0.5996009655558476,474.5140108358001,True,15
2024-01-07 15:00:00,GET,EVENTUAL,2052,0.9594061423947884,3.0868549161480043,3.539475230350497,5,2047,0.2565455266137591,138.75975990656988,True,15
2024-01-07 15:00:00,PUT,STRONG,662,7.919174141861353,17.616677120182064,33.2062272191893,0,662,0.13256587658459532,22.84302283521517,True,15
2024-01-07 15:00:00,PUT,QUORUM,1104,5.2893870065199,19.055029973379593,25.952134662240937,3,1101,0.3364720460227013,45.38761840824482,True,15
2024-01-07 15:00:00,PUT,EVENTUAL,441,1.8953393344404197,7.463749527846779,10.75509402385947,3,438,0.6839757642661456,8.573183406177249,True,15
2024-01-07 15:00:00,DELETE,STRONG,196,6.704112268567622,19.902056249431425,21.22126748071542,1,195,0.9962425744889567,16.60331803801152,True,15
2024-01-07 15:00:00,DELETE,QUORUM,327,4.708765521568542,11.725975021619227,16.44067254847496,1,326,0.471748067794719,26.614834825009524,True,15
2024-01-07 15:00:00,DELETE,EVENTUAL,131,1.3001735120139353,3.98743076190053,5.214556577414629,1,130,0.7638526771844403,9.52102822719709,True,15
2024-01-07 15:00:00,SCAN,STRONG,116,52.60247899615087,184.28402286500256,215.31098189182686,0,116,0.7742692459590382,7.285683858481502,True,15
2024-01-07 15:00:00,SCAN,QUORUM,193,29.304600430815984,67.54024118827488,154.71897877744064,0,193,0.10720647494865505,16.51211532557851,True,15
2024-01-07 15:00:00,SCAN,EVENTUAL,77,11.006635765118578,40.67021480110408,36.64648706983014,0,77,0.7406326759980693,2.4042336022121065,True,15
2024-01-07 15:00:00,INCR,STRONG,382,4.829082968641089,17.25283734372562,27.050050363017423,1,381,0.522170414755845,17.156162984453218,True,15
2024-01-07 15:00:00,INCR,QUORUM,637,3.5648513605037895,8.088250561712334,15.793158914796553,3,634,0.6018957213568581,6.420886767511397,True,15
2024-01-07 15:00:00,INCR,EVENTUAL,255,2.113171629593647,7.407628991176229,11.662357332329844,2,253,0.9539170235047513,11.27704338661028,True,15
2024-01-07 16:00:00,GET,STRONG,3126,5.380958616959566,18.132686264711793,29.117258911563106,14,3112,0.4715455575669937,100.07409666449645,True,16
2024-01-07 16:00:00,GET,QUORUM,5211,2.47820160795289,6.345134048110378,9.278636632345432,22,5189,0.42766446571015204,60.61943296285305,True,16
2024-01-07 16:00:00,GET,EVENTUAL,2084,1.1257384238588422,4.121947219881163,6.615968640019017,4,2080,0.21459948019113975,179.40391771833944,True,16
2024-01-07 16:00:00,PUT,STRONG,725,7.47777087234074,23.049840250873846,24.21537313446392,1,724,0.19322011864001593,51.57278566375145,True,16
2024-01-07 16:00:00,PUT,QUORUM,1208,4.4038761343758885,17.479101249723076,13.553838328580843,4,1204,0.39633009785729323,28.092419402414148,True,16
2024-01-07 16:00:00,PUT,EVENTUAL,483,2.323270867623066,9.178738058590438,9.309704939439998,2,481,0.5707173847737836,38.32159818585179,True,16
2024-01-07 16:00:00,DELETE,STRONG,207,8.025771611696321,18.126272486793994,42.21226186967928,1,206,0.9287002337084956,19.40709277519134,True,16
2024-01-07 16:00:00,DELETE,QUORUM,345,3.498882769695111,11.912716159170165,20.585314979617735,2,343,0.7100154240320786,32.649416279524445,True,16
2024-01-07 16:00:00,DELETE,EVENTUAL,138,1.7024951834263558,6.457031861706923,6.957836308846355,0,138,0.7118801372918653,11.100664906018743,True,16
2024-01-07 16:00:00,SCAN,STRONG,121,45.02522104022644,90.11416086421441,256.37213245591414,0,121,0.7763483703796019,8.559784964734114,True,16
2024-01-07 16:00:00,SCAN,QUORUM,203,34.58253664505429,83.89205021033199,189.12535303754063,1,202,0.7461046376659107,7.571023254485771,True,16
2024-01-07 16:00:00,SCAN,EVENTUAL,81,10.24793882934475,33.62399937055056,60.934577987636786,0,81,0.44580558089429057,7.631417478892976,True,16
2024-01-07 16:00:00,INCR,STRONG,414,5.0251375871517725,17.857019823795046,23.007926777676097,0,414,0.15044041382892853,37.86821213434788,True,16
2024-01-07 16:00:00,INCR,QUORUM,690,4.407366401958388,13.813887973348168,25.740756338726175,6,684,0.8722176023732835,41.820791561698655,True,16
2024-01-07 16:00:00,INCR,EVENTUAL,276,2.2678974511643015,6.75468866043312,10.95379302817465,0,276,0.16258572512413258,22.302040966372836,True,16
2024-01-07 17:00:00,GET,STRONG,3175,5.7079940800402875,20.79516683587435,30.44940808005183,8,3167,0.2768539553869047,271.12568102936353,True,17
2024-01-07 17:00:00,GET,QUORUM,5292,2.944605840704202,9.779713713020469,17.306893089247215,27,5265,0.5281763015304421,66.22381564867092,True,17
2024-01-07 17:00:00,GET,EVENTUAL,2117,0.9667634285547049,2.913477639446456,5.208446919885322,18,2099,0.8544289819656202,76.79175963787947,True,17
2024-01-07 17:00:00,PUT,STRONG,801,7.643994698151155,20.09247750201755,42.074052549957855,4,797,0.5980351288133483,63.872072461405104,True,17
2024-01-07 17:00:00,PUT,QUORUM,1335,4.743340591441447,9.983179854533931,19.814169068452745,12,1323,0.946306799690732,133.28329249829466,True,17
2024-01-07 17:00:00,PUT,EVENTUAL,534,2.335053802164684,6.893580054107919,10.910521120085843,3,531,0.6277740512142794,14.868514024638545,True,17
2024-01-07 17:00:00,DELETE,STRONG,197,6.39912921335486,23.148819695550337,32.0746462236206,1,196,0.586306861926028,16.322180723206316,True,17
2024-01-07 17:00:00,DELETE,QUORUM,329,3.4423098793428917,9.849463776150646,14.505155503177837,0,329,0.15354506449031555,20.829052209465743,True,17
2024-01-07 17:00:00,DELETE,EVENTUAL,131,1.577615840976756,5.417218690101497,5.097322935893666,0,131,0.7274177814996192,11.981190710711898,True,17
2024-01-07 17:00:00,SCAN,STRONG,123,45.880285413110485,181.8905913074025,236.0227810603746,0,123,0.28963660483056536,6.626101490001227,True,17
2024-01-07 17:00:00,SCAN,QUORUM,205,32.04054181226401,69.21185629770252,111.89669307474269,0,205,0.35278506768319656,6.868801112746505,True,17
2024-01-07 17:00:00,SCAN,EVENTUAL,82,10.059808360806402,31.933292323116063,30.740977425762654,0,82,0.8489932400458101,4.862315685889296,True,17
2024-01-07 17:00:00,INCR,STRONG,393,5.509253476839267,21.655446578689887,22.773738070942386,1,392,0.4068526189244182,37.36451781175337,True,17
2024-01-07 17:00:00,INCR,QUORUM,656,3.9774821205662216,15.718708888302382,20.445570164274656,3,653,0.46886203097609525,7.694034691923846,True,17
2024-01-07 17:00:00,INCR,EVENTUAL,262,2.1390196197156746,4.50690115744207,12.657869328293668,1,261,0.7136987282927759,20.97565367154853,True,17
2024-01-07 18:00:00,GET,STRONG,3277,5.408844088431257,21.32113077980044,25.890066047272878,22,3255,0.6784309899035162,225.44003733378858,True,18
2024-01-07 18:00:00,GET,QUORUM,5462,3.2254435135079773,10.219239530126707,14.605086619062003,37,5425,0.6940894273626236,445.6955937692305,True,18
2024-01-07 18:00:00,GET,EVENTUAL,2185,0.8330996345768571,2.0114348837115745,3.1835042120273593,11,2174,0.5166911577696008,55.18627674256671,True,18
2024-01-07 18:00:00,PUT,STRONG,817,8.181147942944325,30.96870887126499,25.029744567551404,4,813,0.5147678710542843,77.27040252781082,True,18
2024-01-07 18:00:00,PUT,QUORUM,1362,5.348026575614325,15.274849928251458,26.603652019699524,5,1357,0.4242432275786978,36.01707187650981,True,18
2024-01-07 18:00:00,PUT,EVENTUAL,544,2.0858704570380215,6.397020483228906,11.495696754558857,1,543,0.34057017043220117,20.29111657035528,True,18
2024-01-07 18:00:00,DELETE,STRONG,184,6.209449839278258,19.23777168811379,24.047818684319715,0,184,0.11664812015010563,3.6241149819887704,True,18
2024-01-07 18:00:00,DELETE,QUORUM,308,3.659649046235332,8.036622025262764,17.31298871977159,2,306,0.7345086493857952,8.284869634896136,True,18
2024-01-07 18:00:00,DELETE,EVENTUAL,123,1.5129099675712117,4.701274995171499,7.353341302093154,1,122,0.9585988546130547,2.7149054096654552,True,18
2024-01-07 18:00:00,SCAN,STRONG,116,51.5881612115178,119.55050070769634,252.22328733270788,1,115,0.9283629186862028,4.989666846430667,True,18
2024-01-07 18:00:00,SCAN,QUORUM,194,24.083923492621725,63.278995068196465,105.19967302791729,0,194,0.35543125435452333,10.950378450537926,True,18
2024-01-07 18:00:00,SCAN,EVENTUAL,77,8.181818089141789,28.307191656919844,47.60162515603447,0,77,0.3723906490536484,2.6028205866528364,True,18
2024-01-07 18:00:00,INCR,STRONG,403,6.997739408649568,17.742900918945836,35.47935683550221,2,401,0.6513019339391367,22.796815210943453,True,18
2024-01-07 18:00:00,INCR,QUORUM,672,4.194464991497859,12.25221109243659,13.806419116997702,0,672,0.14616628066694448,33.10431152462098,True,18
2024-01-07 18:00:00,INCR,EVENTUAL,268,1.7758999298034883,4.108291825380401,10.404629044071738,2,266,0.8928165091719606,5.5578351466511124,True,18
2024-01-07 19:00:00,GET,STRONG,818,5.065627290287887,13.651540642289849,23.83490960533673,0,818,0.023049220299796752,30.539479429232426,False,19
2024-01-07 19:00:00,GET,QUORUM,1364,3.4244796950950724,10.996117094128177,20.016564353728267,0,1364,0.05817599393148034,126.09725616386241,False,19
2024-01-07 19:00:00,GET,EVENTUAL,545,1.144509729764937,4.33179533589141,6.503024834246937,0,545,0.027251780023714128,24.145820992009575,False,19
2024-01-07 19:00:00,PUT,STRONG,200,9.519124296376745,33.99637102298822,43.67329427588799,0,200,0.036924314171955255,15.163630555051663,False,19
2024-01-07 19:00:00,PUT,QUORUM,334,4.548074171454829,16.426520048174996,27.12273083164213,0,334,0.06701185934679842,20.8080082187104,False,19
2024-01-07 19:00:00,PUT,EVENTUAL,133,1.606365773110786,3.353858228118293,7.403983849428381,0,133,0.08114596918579124,2.9971410301228985,False,19
2024-01-07 19:00:00,DELETE,STRONG,37,5.6513666385881685,20.42281815397285,25.48527892270356,0,37,0.06933256174955298,1.7534090502007706,False,19
2024-01-07 19:00:00,DELETE,QUORUM,62,4.080326384831884,16.155705008646887,24.375200969934646,0,62,0.07733589228887,5.410456978803168,False,19
2024-01-07 19:00:00,DELETE,EVENTUAL,25,1.3911162263667383,3.2557434608623272,4.5374207087860725,0,25,0.04787529844504516,2.158999858245681,False,19
2024-01-07 19:00:00,SCAN,STRONG,18,48.88396277724094,171.6241978541205,158.22829733858546,0,18,0.07928280183970152,1.097479934059947,False,19
2024-01-07 19:00:00,SCAN,QUORUM,31,33.47643297684915,86.61783876315941,143.25614508592344,0,31,0.07163790023708926,1.659248264106449,False,19
2024-01-07 19:00:00,SCAN,EVENTUAL,12,11.79076048605458,31.016900697837535,67.41168700900376,0,12,0.021456707637052895,0.82518281132514,False,19
2024-01-07 19:00:00,INCR,STRONG,70,5.998138954286905,23.867809641843973,33.72568036109157,0,70,0.0728880990634092,6.76664902470828,False,19
2024-01-07 19:00:00,INCR,QUORUM,117,3.368403402969418,12.124656551592937,14.483010280031953,0,117,0.04530598045506317,5.77540348885184,False,19
2024-01-07 19:00:00,INCR,EVENTUAL,46,2.3353905226241674,5.182423409844468,12.787080685127004,0,46,0.017081950005323993,3.4699454917609076,False,19
2024-01-07 20:00:00,GET,STRONG,813,5.746995109193622,11.61774797711112,21.262437767273266,0,813,0.05063756822513816,27.08487677497599,False,20
2024-01-07 20:00:00,GET,QUORUM,1355,3.531723117902261,12.907856333008928,13.319992403780681,0,1355,0.0395236898048825,59.87014625489131,False,20
2024-01-07 20:00:00,GET,EVENTUAL,542,1.1992355619421282,3.8250023827982162,4.309288327042787,0,542,0.06173749517138219,25.139843206959654,False,20
2024-01-07 20:00:00,PUT,STRONG,207,6.886329291538901,22.478276005476037,37.01386965893678,0,207,0.033063587953842864,13.688883351704293,False,20
2024-01-07 20:00:00,PUT,QUORUM,346,5.131194345798992,10.332995700339499,18.748188651436134,0,346,0.03602994849090758,12.84911704237812,False,20
2024-01-07 20:00:00,PUT,EVENTUAL,138,1.8786589512890401,5.115490383361955,5.9388059327190446,0,138,0.010861667224196559,6.866929790124659,False,20
2024-01-07 20:00:00,DELETE,STRONG,39,7.407124732459206,28.674111489040552,42.666773161754485,0,39,0.037889053405606714,1.8076467782182657,False,20
2024-01-07 20:00:00,DELETE,QUORUM,66,4.344211037307835,9.304982580923262,22.351838987837084,0,66,0.030165881693302837,2.6695486267144406,False,20
2024-01-07 20:00:00,DELETE,EVENTUAL,26,1.4527641971387313,4.514066983130989,7.345326374252673,0,26,0.020569017852037543,1.5887205498904722,False,20
2024-01-07 20:00:00,SCAN,STRONG,19,44.482840124610945,93.58513565512398,172.52744221702665,0,19,0.04840443967911443,1.5150215791937245,False,20
2024-01-07 20:00:00,SCAN,QUORUM,33,29.834665950896593,86.45488893709502,133.1967621159613,0,33,0.05512505962919725,0.39921334188671087,False,20
2024-01-07 20:00:00,SCAN,EVENTUAL,13,8.48367033987018,28.609404134919288,43.35757851456673,0,13,0.044472169526855405,1.1880955729010578,False,20
2024-01-07 20:00:00,INCR,STRONG,79,6.997722176538778,21.21185419748447,24.128637417347257,0,79,0.0327943589440299,4.382316981578413,False,20
2024-01-07 20:00:00,INCR,QUORUM,132,3.747477974035201,11.385786319486693,21.20035186817779,0,132,0.07795433903080047,10.418715201920296,False,20
2024-01-07 20:00:00,INCR,EVENTUAL,53,1.8505877395008756,5.348287033077875,6.055868533361856,0,53,0.052341450358758326,4.141736088468849,False,20
2024-01-07 21:00:00,GET,STRONG,701,4.9300871982322905,15.678570534503697,15.73437937953095,0,701,0.09004344135385947,38.708137644515304,False,21
2024-01-07 21:00:00,GET,QUORUM,1169,3.1865402087276515,10.781760577231807,16.496935765598998,0,1169,0.03990515270140526,52.367066469421104,False,21
2024-01-07 21:00:00,GET,EVENTUAL,467,0.9143206846693623,3.217561103836511,3.0007226998525085,0,467,0.06323931346225235,16.96621768010014,False,21
2024-01-07 21:00:00,PUT,STRONG,188,7.372745291384744,19.390679884137988,32.53521946951479,0,188,0.048608440815694855,7.099078480632502,False,21
2024-01-07 21:00:00,PUT,QUORUM,314,5.458308027696489,18.627845091331892,32.22388434041354,0,314,0.04405542281309384,24.50265910465677,False,21
2024-01-07 21:00:00,PUT,EVENTUAL,125,2.1859008828378514,4.481346372597168,8.923610356834407,0,125,0.09597632610323978,8.270345071195566,False,21
2024-01-07 21:00:00,DELETE,STRONG,35,7.7625533964776565,29.189379220193267,43.23623538268877,0,35,0.07799391990907487,2.631827923717824,False,21
2024-01-07 21:00:00,DELETE,QUORUM,59,4.772426052408572,17.292542223107368,21.720502639762838,0,59,0.06474041803988105,5.608638244576765,False,21
2024-01-07 21:00:00,DELETE,EVENTUAL,23,1.5570648718859972,5.161997193947042,5.08519848815489,0,23,0.010847901037608479,0.8020756741043703,False,21
2024-01-07 21:00:00,SCAN,STRONG,19,58.63074941787507,179.33751086691979,291.79022607306655,0,19,0.02556503211237629,1.8305101687102525,False,21
2024-01-07 21:00:00,SCAN,QUORUM,32,35.60756722574956,134.85602872494195,169.14824807146678,0,32,0.06187702635868582,0.741225201972391,False,21
2024-01-07 21:00:00,SCAN,EVENTUAL,12,11.950135986605945,35.85991211398054,65.5873049580743,0,12,0.04707632400759229,0.20383496035789678,False,21
2024-01-07 21:00:00,INCR,STRONG,71,7.14594239653531,28.248499503855395,27.121906502185713,0,71,0.019355423345037242,5.839473513421132,False,21
2024-01-07 21:00:00,INCR,QUORUM,118,4.736369068316667,18.469562638380445,23.167843992914225,0,118,0.02617760253921003,10.607120597982867,False,21
2024-01-07 21:00:00,INCR,EVENTUAL,47,1.7339225850629596,5.529208265354396,8.827491159589774,0,47,0.07022367725266236,3.560992550207289,False,21
2024-01-07 22:00:00,GET,STRONG,644,5.058880630616499,12.0258436648714,19.511801766723394,0,644,0.04422488173017916,8.259467661371724,False,22
2024-01-07 22:00:00,GET,QUORUM,1074,3.3524774769126777,11.772501414074418,14.850933537472603,0,1074,0.06963856351240334,54.51301669374497,False,22
2024-01-07 22:00:00,GET,EVENTUAL,429,1.1981369447334582,4.043616117924553,5.00914578746592,0,429,0.06035759881796119,33.99002433972345,False,22
2024-01-07 22:00:00,PUT,STRONG,184,7.38611370933458,22.533725674712848,28.2564822387029,0,184,0.060132674249544174,8.931753039189257,False,22
2024-01-07 22:00:00,PUT,QUORUM,308,5.808296897274008,21.209253240188293,31.488193730183962,0,308,0.08964696137498449,17.960078431603623,False,22
2024-01-07 22:00:00,PUT,EVENTUAL,123,1.9194608603609562,5.311278401572281,9.268555344689696,0,123,0.06488915286165758,5.397772041607231,False,22
2024-01-07 22:00:00,DELETE,STRONG,36,6.27049141500828,19.209318590769005,36.45957551578222,0,36,0.05283198004397649,1.2298034690763686,False,22
2024-01-07 22:00:00,DELETE,QUORUM,60,3.267925967106095,9.706391554240392,18.486417057716235,0,60,0.07450323175152943,3.2925629880667864,False,22
2024-01-07 22:00:00,DELETE,EVENTUAL,24,1.3899164700523554,3.5506365273508824,4.891514721624696,0,24,0.08499774556489703,0.41787209573317324,False,22
2024-01-07 22:00:00,SCAN,STRONG,15,43.80037095484304,115.57832658355994,139.6672517328693,0,15,0.09663146650157992,0.5714557609250828,False,22
2024-01-07 22:00:00,SCAN,QUORUM,26,30.113088910369076,114.27748943398498,157.33244841254995,0,26,0.0730020008837174,0.5769867178711287,False,22
2024-01-07 22:00:00,SCAN,EVENTUAL,10,9.447960208107345,21.287413356830754,31.437287898120612,0,10,0.03509679077612385,0.3661663219119691,False,22
2024-01-07 22:00:00,INCR,STRONG,75,6.542234230026889,21.689480648981302,31.54660226549778,0,75,0.08569665045416883,7.1130662565437905,False,22
2024-01-07 22:00:00,INCR,QUORUM,126,4.1903316040499945,10.827866963859963,23.115433535065847,0,126,0.06441642710438102,12.042712331090689,False,22
2024-01-07 22:00:00,INCR,EVENTUAL,50,2.01109040406095,4.876640715356618,8.817649167321877,0,50,0.06508443229113275,4.1657130063130365,False,22
2024-01-07 23:00:00,GET,STRONG,692,4.488935160572362,15.859666204644094,18.709180092196778,0,692,0.02734209544359348,56.72009719983583,False,23
2024-01-07 23:00:00,GET,QUORUM,1154,2.621590882147938,7.5131632951468665,13.079126756288698,0,1154,0.05998211236489316,86.71212005072474,False,23
2024-01-07 23:00:00,GET,EVENTUAL,461,0.921355349670373,3.6217002226526116,4.39700790555187,0,461,0.06741498228124368,18.16744445200227,False,23
2024-01-07 23:00:00,PUT,STRONG,167,8.403210102255603,27.51477909964326,25.836672491381098,0,167,0.08676616709400864,7.997240390210113,False,23
2024-01-07 23:00:00,PUT,QUORUM,279,5.344409175865479,14.126711221004623,24.930122589926196,0,279,0.025948844343933186,3.4974814527638785,False,23
2024-01-07 23:00:00,PUT,EVENTUAL,111,2.000589074155516,4.004662730604607,11.85213772633755,0,111,0.017404237077245966,11.078455902179773,False,23
2024-01-07 23:00:00,DELETE,STRONG,29,7.1438615981926805,27.170967688872402,40.09082010749812,0,29,0.06559539976446246,0.9738151265173592,False,23
2024-01-07 23:00:00,DELETE,QUORUM,49,4.330315449511107,10.666125750619596,24.475365141015427,0,49,0.01871640858596165,2.3750516995014617,False,23
2024-01-07 23:00:00,DELETE,EVENTUAL,19,1.6958808568382868,6.124476137696784,9.387928265990682,0,19,0.01779770367281093,0.9467005836832322,False,23
2024-01-07 23:00:00,SCAN,STRONG,15,56.3112823778315,132.08398589956727,284.7319439091319,0,15,0.04109496144561192,0.4209298518783655,False,23
2024-01-07 23:00:00,SCAN,QUORUM,25,31.1029338032298,121.25891208165393,143.01905930635473,0,25,0.09667550786108316,0.9509841484525395,False,23
2024-01-07 23:00:00,SCAN,EVENTUAL,10,11.052474274054179,22.71691437086294,55.705570803554096,0,10,0.09216499066584084,0.2690767726180337,False,23
2024-01-07 23:00:00,INCR,STRONG,68,5.318386444084505,17.57884447844828,30.263461700108348,0,68,0.024222641691440172,0.7978044241003577,False,23
2024-01-07 23:00:00,INCR,QUORUM,113,4.221705386248912,13.08135449413511,24.626648594676293,0,113,0.0773878718393944,9.77155117730723,False,23
2024-01-07 23:00:00,INCR,EVENTUAL,45,2.3498675361241745,5.166815451880637,13.76495608160109,0,45,0.08430249863027642,0.7093203304980922,False,23
