timestamp,shard_id,key_count,data_size_gb,operations_per_sec,avg_latency_ms,replica_count,healthy_replicas,replication_status,load_imbalance_percent,eviction_rate_per_sec,hot_key_count,cold_key_count,ttl_expirations_per_sec,compaction_ongoing,disk_usage_percent
2024-01-01 00:00:00,shard-001,1494024,45.149583894444426,693,4.504074776870317,3,3,HEALTHY,14.87041083259035,0.377201829137382,1465,1045816,37.40694504859872,False,73.27492679884544
2024-01-01 00:00:00,shard-002,1199234,38.66450601250816,519,9.107024758877962,3,3,HEALTHY,12.19037027409853,0.49320229070437793,851,839463,77.1205375199765,False,68.80066094452744
2024-01-01 00:00:00,shard-003,1782577,51.74918071072244,483,11.3988635541858,3,3,HEALTHY,12.26439695017855,0.45338475200849643,1012,1247803,53.047828771680855,True,55.35120118734361
2024-01-01 00:00:00,shard-004,900460,29.072478292750997,524,14.157857669676172,3,3,HEALTHY,8.20311450642214,0.45540785245966053,307,630322,57.10306359197399,False,43.76146155798245
2024-01-01 00:00:00,shard-005,1391081,42.55853484476696,334,8.43109385447244,3,2,DEGRADED,7.53701618177333,0.17316411669398774,992,973756,53.48466811440397,False,40.14038385046939
2024-01-01 02:00:00,shard-001,1485924,45.231871185191785,648,3.335845446015887,3,2,DEGRADED,11.137963286898461,0.16667960368848186,1222,1040146,36.01376903057562,False,68.07997634599698
2024-01-01 02:00:00,shard-002,1203424,38.71203757024397,516,12.90308672276357,3,3,HEALTHY,12.676015655091856,0.38477157413969604,799,842396,18.424831250353932,False,64.95728402574557
2024-01-01 02:00:00,shard-003,1816799,52.007615194036234,451,11.284574217004774,3,2,DEGRADED,13.914028071478345,0.052195210200223226,513,1271759,32.959949052734416,False,44.67554729883914
2024-01-01 02:00:00,shard-004,905119,29.025078349135406,544,7.451661508920324,3,3,HEALTHY,8.74118060363511,0.23259387932570877,377,633583,19.317738224580232,False,65.54571385968787
2024-01-01 02:00:00,shard-005,1401073,42.00091315613945,563,12.892908607200088,3,3,HEALTHY,1.3079928312687206,0.4714067029320395,297,980751,79.75470535680682,False,64.26479779596772
2024-01-01 04:00:00,shard-001,1512407,45.10935089963569,625,10.325500880887347,3,3,HEALTHY,16.01347104856233,0.11883144384733976,1258,1058684,22.732082159931842,False,45.070792079720796
2024-01-01 04:00:00,shard-002,1205445,38.97953683416242,234,7.83767821355238,3,3,HEALTHY,2.8467072088303857,0.24137223416565148,369,843811,85.383780845377,False,73.71786381501198
2024-01-01 04:00:00,shard-003,1789963,52.54117684764641,490,6.444834918255825,3,3,HEALTHY,1.9258726496563328,0.1708780592187461,594,1252974,91.6304383601807,False,65.42990545696065
2024-01-01 04:00:00,shard-004,904400,28.72064018512649,238,5.688526799440552,3,2,DEGRADED,10.67684536803899,0.2962773978704821,139,633080,58.21307129309711,False,72.02797490819721
2024-01-01 04:00:00,shard-005,1388975,42.20092965125294,483,6.8004148212057505,3,3,HEALTHY,5.3631879633993895,0.019431296676775102,1158,972282,67.56392862085568,False,57.34027109749367
2024-01-01 06:00:00,shard-001,1496854,45.04872997841662,403,3.186613950670942,3,2,DEGRADED,18.611513721042602,0.073391044314278,804,1047797,43.897324000120136,False,69.7219024996911
2024-01-01 06:00:00,shard-002,1205209,38.368811854575895,517,3.254529993769707,3,3,HEALTHY,16.70369785889334,0.1684604310137129,741,843646,96.01818355778364,False,42.91260103608362
2024-01-01 06:00:00,shard-003,1794242,51.94382674484166,572,4.003029157806269,3,2,DEGRADED,13.870132277569562,0.26592770418436423,507,1255969,92.9186178477137,False,41.848959011532884
2024-01-01 06:00:00,shard-004,897415,29.020182304766777,250,4.542618619991854,3,2,DEGRADED,5.472077147022465,0.18893561223979446,307,628190,23.45094956108217,False,62.02540687653584
2024-01-01 06:00:00,shard-005,1399807,42.72152917513621,594,10.34008479589581,3,2,DEGRADED,13.59886687099914,0.02064104094207581,1124,979864,81.8412270854715,True,43.8755341130459
2024-01-01 08:00:00,shard-001,1508307,45.498567414576875,330,9.78563853615845,3,2,DEGRADED,3.290750420077011,0.44627074596982114,805,1055814,64.40212526313556,False,76.04617565008078
2024-01-01 08:00:00,shard-002,1208188,38.654258114602115,222,14.61316956204889,3,2,DEGRADED,5.204340489858003,0.38373117078003616,835,845731,36.59380127028672,False,62.40995309630708
2024-01-01 08:00:00,shard-003,1803577,52.00410693708636,326,5.962275391576062,3,3,HEALTHY,10.82235414459453,0.40091661022407177,495,1262503,94.82627888865056,False,77.06144232311038
2024-01-01 08:00:00,shard-004,903613,29.144280991597093,269,13.630461234114467,3,3,HEALTHY,4.217377584574409,0.4346466930130561,123,632529,35.48978297053667,False,46.14437521487644
2024-01-01 08:00:00,shard-005,1390783,41.89661184610661,413,9.516185688082995,3,3,HEALTHY,1.933207284744618,0.3889538218299928,1168,973548,39.915105477676974,False,67.0416332138033
2024-01-01 10:00:00,shard-001,1512385,44.96936481759512,1357,10.845024745063482,3,2,DEGRADED,14.415016201174664,1.3944268331595309,449,1058669,68.79233931034082,False,49.41933547866174
2024-01-01 10:00:00,shard-002,1189881,38.77311443535098,1371,12.449274405595107,3,3,HEALTHY,12.192783188846658,1.627408256746669,453,832916,66.00130634277257,False,51.35218582917693
2024-01-01 10:00:00,shard-003,1794860,52.47484008801403,1602,9.784978355431058,3,2,DEGRADED,4.745876298190854,0.2527456495671301,303,1256402,13.071418670926912,False,48.14580650867788
2024-01-01 10:00:00,shard-004,901905,28.65987198611014,1364,9.554234158919742,3,2,DEGRADED,6.738481896120985,0.14887978250811143,319,631333,61.673683404743095,False,73.29670187355936
2024-01-01 10:00:00,shard-005,1389967,42.28877448412436,1148,12.905864465512842,3,3,HEALTHY,11.336772915741332,1.6733527832184945,789,972976,68.00926583250043,False,76.59602740132726
2024-01-01 12:00:00,shard-001,1510711,45.19011687886308,1860,5.630684574872333,3,2,DEGRADED,2.239443844478548,1.3897580387465085,344,1057497,33.868331061226854,False,55.00297662177185
2024-01-01 12:00:00,shard-002,1197753,38.713425946034675,1882,7.455800285661882,3,3,HEALTHY,5.5722226368743595,1.5621409933341075,638,838427,65.36676023913012,False,65.01792610056472
2024-01-01 12:00:00,shard-003,1806698,51.60603055813683,944,7.39697413676444,3,3,HEALTHY,5.288057953096197,1.4738283978280606,352,1264688,92.9192907495356,False,44.420294727591376
2024-01-01 12:00:00,shard-004,903704,29.177264734556704,818,4.108254942684705,3,2,DEGRADED,14.045245257704654,1.5250866243521635,229,632592,78.58489580578149,False,50.267255629917315
2024-01-01 12:00:00,shard-005,1397761,42.58408838937605,846,10.12095047326599,3,3,HEALTHY,13.003337852618094,0.43825561175135996,1365,978432,17.07452501603239,True,61.01308657272071
2024-01-01 14:00:00,shard-001,1494217,45.290627895456915,2580,5.727830839127165,3,2,DEGRADED,18.887767736645564,1.6469360871596055,1422,1045951,51.916062139789005,False,42.55800279711
2024-01-01 14:00:00,shard-002,1190823,39.043085408611546,853,9.32315929634555,3,2,DEGRADED,16.65658530103166,0.4922591779363764,826,833576,12.157204958399294,False,64.96844565083609
2024-01-01 14:00:00,shard-003,1804156,52.52489598720069,1433,9.847028581442196,3,2,DEGRADED,19.499721675296872,1.6915803027631235,955,1262909,61.32739368847464,False,74.25082473045786
2024-01-01 14:00:00,shard-004,901929,29.004415213850297,817,9.942020559458282,3,3,HEALTHY,3.2348384056833757,0.16700116285857436,307,631350,13.449179730985158,False,79.54610666105438
2024-01-01 14:00:00,shard-005,1399566,42.184281312015656,1119,13.181689046447556,3,3,HEALTHY,17.65654340159286,1.6272799468858883,341,979696,58.520335692000444,False,63.02833966643776
2024-01-01 16:00:00,shard-001,1510118,44.92378667889292,2839,11.126391274546942,3,2,DEGRADED,5.347925518153332,0.925821381995887,1305,1057082,76.3551208332353,False,42.01136455920442
2024-01-01 16:00:00,shard-002,1203273,38.682299676875026,1069,7.211771734745213,3,2,DEGRADED,9.377997886733745,0.644304824636017,584,842291,13.335239611724308,False,58.40129080517188
2024-01-01 16:00:00,shard-003,1801205,51.63937203918147,1696,12.966845954120519,3,3,HEALTHY,4.96802630533431,1.9355159612534407,1109,1260843,26.271607277249988,False,46.75134395898563
2024-01-01 16:00:00,shard-004,904762,28.966801771741643,1742,10.3933804157614,3,3,HEALTHY,19.56241923562021,1.1580224774300494,888,633333,33.459163912151666,True,52.539924786752756
2024-01-01 16:00:00,shard-005,1402618,42.1652974587099,1252,3.504811589522735,3,3,HEALTHY,19.097093649733267,0.5786634015699031,846,981832,57.50848009497158,False,52.525241653931005
2024-01-01 18:00:00,shard-001,1486852,45.374503379781466,2605,4.178825916698246,3,2,DEGRADED,8.80138273742716,1.3741495237995065,1360,1040796,10.023261282079464,False,61.616675280068684
2024-01-01 18:00:00,shard-002,1211254,38.378026603828445,870,13.450389714129386,3,2,DEGRADED,3.7833049892124815,1.1900818630570942,478,847877,38.77187983867212,False,70.94323340917808
2024-01-01 18:00:00,shard-003,1790975,52.35326471100866,1941,7.536119821772827,3,3,HEALTHY,0.05565341055215667,0.9182676985025702,230,1253682,31.538944886064385,False,63.19248896882186
2024-01-01 18:00:00,shard-004,898618,29.126149290121855,1785,12.248730813320698,3,2,DEGRADED,6.412835370811692,1.1890870416138937,804,629032,97.00490895214902,False,73.27699925278719
2024-01-01 18:00:00,shard-005,1398674,42.072495294026425,1902,10.580055436487548,3,2,DEGRADED,8.528501865958201,1.399384728904507,517,979071,90.55297248434506,False,53.19938404027944
2024-01-01 20:00:00,shard-001,1506351,45.59892359897058,388,7.216864737791365,3,2,DEGRADED,15.743503067674158,0.1600444002881781,269,1054445,48.58666700976803,False,48.80204057586676
2024-01-01 20:00:00,shard-002,1208648,38.93998168034394,469,12.583207971050854,3,2,DEGRADED,12.266135970499732,0.4366720429984043,298,846053,75.489002200116,False,51.12837256875303
2024-01-01 20:00:00,shard-003,1804483,51.98633368022202,412,6.462385890064425,3,2,DEGRADED,4.242580896794415,0.14194506746443786,1147,1263138,96.97640235116381,False,61.65103402786043
2024-01-01 20:00:00,shard-004,891903,29.005928497429075,586,12.983184082432832,3,2,DEGRADED,17.15502453886557,0.1407355774849768,576,624332,58.90697473141246,True,73.9961186495126
2024-01-01 20:00:00,shard-005,1400077,42.37984107606479,424,13.913135135315883,3,2,DEGRADED,12.989330718808326,0.3378007191935068,518,980053,88.16703765126167,True,50.366324420074456
2024-01-01 22:00:00,shard-001,1509160,44.958450923304895,409,8.622138427838445,3,2,DEGRADED,10.617753010441326,0.32667033358221853,443,1056412,27.826506060897803,False,57.705579472369735
2024-01-01 22:00:00,shard-002,1197898,38.362758726308215,328,6.060669510330297,3,2,DEGRADED,6.012374454555687,0.0897586262263794,896,838528,95.30297189454681,False,59.625649244285555
2024-01-01 22:00:00,shard-003,1811097,51.6351530605329,362,3.225581138803553,3,2,DEGRADED,7.712730891526087,0.01192203281054899,1610,1267767,91.87281665055137,False,75.64523258018825
2024-01-01 22:00:00,shard-004,898080,28.89204993967727,238,11.331281168949793,3,2,DEGRADED,14.986910382656674,0.21541667489310085,143,628656,24.09385645217515,False,76.45335509498634
2024-01-01 22:00:00,shard-005,1399715,42.190548702104586,282,11.038467761151344,3,2,DEGRADED,2.825206834042868,0.21526778238091845,855,979800,29.522391152385357,False,58.93019501622897
2024-01-02 00:00:00,shard-001,1538829,45.71844459067805,367,3.555052208552893,3,3,HEALTHY,15.963222734699528,0.3442407747970545,1522,1077180,94.64513848265965,True,48.66767926482112
2024-01-02 00:00:00,shard-002,1212108,39.09670638625646,383,12.097577804267038,3,3,HEALTHY,9.963913829482319,0.40251407567228886,524,848475,23.82724043802245,True,47.771916280031384
2024-01-02 00:00:00,shard-003,1844445,53.301513725422865,342,10.654040955311459,3,2,DEGRADED,3.6967591738159333,0.03923596365222488,1678,1291111,20.071784457942254,False,50.775509328052166
2024-01-02 00:00:00,shard-004,915298,29.54579204572747,295,7.865081292093912,3,3,HEALTHY,0.020025098472435943,0.14658442706250102,448,640708,40.29141805950181,False,78.27489214688899
2024-01-02 00:00:00,shard-005,1426442,43.42839474709457,263,9.471837047294457,3,3,HEALTHY,9.595939323911507,0.1239673817553928,467,998509,98.8663074684021,False,52.779106053509565
2024-01-02 02:00:00,shard-001,1523917,46.36380024663808,394,12.924567531861483,3,2,DEGRADED,8.67149879012419,0.13847130025973997,553,1066741,74.89709325043388,False,75.78617253096763
2024-01-02 02:00:00,shard-002,1215044,39.81323327089064,301,4.299846577179121,3,3,HEALTHY,18.816755757129393,0.13947341396514162,963,850530,79.42673466236255,False,45.93784354675013
2024-01-02 02:00:00,shard-003,1847417,53.58412347902344,481,12.193187871265913,3,2,DEGRADED,12.651278389248343,0.3016478841442009,1145,1293191,56.73619687440929,False,51.08173703205871
2024-01-02 02:00:00,shard-004,911968,29.300389498189734,261,7.996008055605527,3,2,DEGRADED,1.5731044933034544,0.25267572060128696,175,638377,13.412124987205306,False,42.318098441302524
2024-01-02 02:00:00,shard-005,1417485,43.3126526110689,366,8.910294685168548,3,3,HEALTHY,6.9442409144840695,0.26884190584436773,227,992239,37.524555369948686,False,46.02799081707009
2024-01-02 04:00:00,shard-001,1523634,45.73499122572272,622,4.293278129996411,3,3,HEALTHY,12.909316930008822,0.2234877537203748,981,1066543,78.13020511712513,True,66.05186908426525
2024-01-02 04:00:00,shard-002,1231922,39.085450364823714,299,6.696452448645305,3,2,DEGRADED,3.3162282886690697,0.32135469170719067,316,862345,31.610348989462032,False,55.85632715997473
2024-01-02 04:00:00,shard-003,1827064,53.01644904961442,338,13.324326865535385,3,3,HEALTHY,13.123316986118347,0.49811519980699537,936,1278944,79.86130809007796,True,67.02530146909393
2024-01-02 04:00:00,shard-004,922913,29.663241486992316,212,9.25128656135046,3,2,DEGRADED,3.3751936066732457,0.34422195444809445,598,646039,37.68391258851403,False,72.24892167461721
2024-01-02 04:00:00,shard-005,1437297,43.364113262360405,343,3.2001896135761183,3,3,HEALTHY,13.9564895928201,0.21587932070218868,1021,1006107,41.20062831023614,False,46.07804711129725
2024-01-02 06:00:00,shard-001,1525725,45.8940429289788,583,4.625267185296385,3,2,DEGRADED,19.926101923730847,0.3236864940116646,1217,1068007,89.90911482852168,False,57.389708973868885
2024-01-02 06:00:00,shard-002,1230138,39.695073126857665,336,8.942285832970228,3,3,HEALTHY,0.7829765945611689,0.318406665415948,292,861096,11.380160757377098,False,79.30599127895007
2024-01-02 06:00:00,shard-003,1843439,52.63130353428839,359,13.789708710044351,3,3,HEALTHY,15.584272904294117,0.4174456728260775,1491,1290407,56.5911658237388,False,40.07756011526371
2024-01-02 06:00:00,shard-004,917349,29.53143534511325,433,12.177714900453658,3,3,HEALTHY,9.644501297223583,0.14483922932723392,217,642144,65.96001354480107,False,76.81040158660254
2024-01-02 06:00:00,shard-005,1420113,42.87329915527578,486,4.130499367938433,3,3,HEALTHY,13.96851470685315,0.03515786928998674,498,994079,91.8738454923496,False,45.1843687420166
2024-01-02 08:00:00,shard-001,1517275,46.13659783499153,654,13.347515217275731,3,2,DEGRADED,15.238335692376744,0.3576791694735337,475,1062092,79.97755955378271,False,74.20309605148944
2024-01-02 08:00:00,shard-002,1212791,39.44410080027916,504,7.625807582065387,3,3,HEALTHY,12.795204114574384,0.4228048592278341,489,848953,31.20703155954503,False,76.18755883167796
2024-01-02 08:00:00,shard-003,1827829,53.60258507666344,442,12.553183214112265,3,3,HEALTHY,3.7639251088565384,0.4494456926238966,444,1279480,97.67488810824142,False,40.081675272862384
2024-01-02 08:00:00,shard-004,910562,29.245517864131042,239,5.214918763183356,3,3,HEALTHY,12.014434914627321,0.1520809978134457,879,637393,42.02649736011467,True,62.720392367697656
2024-01-02 08:00:00,shard-005,1418011,42.904790280958046,546,10.291154658973996,3,3,HEALTHY,19.582601734341154,0.03669551139018777,1000,992607,27.585326336413946,False,76.65492070177353
2024-01-02 10:00:00,shard-001,1539484,45.71500209368019,1497,4.964551971871989,3,3,HEALTHY,5.84545722020358,0.6274535846605043,1230,1077638,88.59622629617522,False,57.20471279141076
2024-01-02 10:00:00,shard-002,1228551,39.71574734575489,1222,8.579742707530738,3,3,HEALTHY,2.3896127833785252,1.357772824738977,124,859985,90.65323411911723,False,55.747390755650066
2024-01-02 10:00:00,shard-003,1829316,52.788850270359966,1182,14.589681677190413,3,2,DEGRADED,10.55177501055535,0.3831486997660678,194,1280521,85.31236192588175,True,71.84826264761935
2024-01-02 10:00:00,shard-004,911121,29.706073172405095,1132,11.223582088252293,3,3,HEALTHY,10.0429545642906,0.6670211055517293,644,637784,17.144110092254902,False,64.10512485288429
2024-01-02 10:00:00,shard-005,1425299,43.122374651194015,1089,5.370015175757224,3,3,HEALTHY,9.547796729994545,0.20510857207289504,672,997709,75.18428039770318,False,45.14828345701697
2024-01-02 12:00:00,shard-001,1544822,45.712802834061975,2070,7.211678884027936,3,2,DEGRADED,4.256102040463623,0.8195678186231462,905,1081375,69.69282103146708,False,62.38386749354082
2024-01-02 12:00:00,shard-002,1217062,39.491672137445384,1600,11.11995655008596,3,2,DEGRADED,13.90815868245783,1.174253951313629,191,851943,49.05797257003662,False,52.63881022622194
2024-01-02 12:00:00,shard-003,1832743,52.73181641395192,1599,9.59925087038988,3,2,DEGRADED,18.909244614699134,1.5404998816330449,1561,1282920,27.15166520390323,False,70.21442098454189
2024-01-02 12:00:00,shard-004,926873,29.224968413321662,803,9.910959510923323,3,3,HEALTHY,10.251500358932493,1.8444935678489898,886,648811,69.15560598781045,False,65.10381930711696
2024-01-02 12:00:00,shard-005,1439238,43.00357968823102,1517,8.902688481979956,3,2,DEGRADED,1.3761722077776262,1.7377310775009018,1236,1007466,62.179600979339526,False,53.92924989750021
2024-01-02 14:00:00,shard-001,1516972,46.062158988021594,2907,11.27124690694999,3,2,DEGRADED,1.8272084185422588,1.139210497566388,1346,1061880,79.47999744778679,False,48.96324467176896
2024-01-02 14:00:00,shard-002,1235990,39.7845673270609,1998,12.294769713860106,3,3,HEALTHY,12.647380964902496,1.7193213024001435,340,865193,86.36829690277114,False,66.10371341781126
2024-01-02 14:00:00,shard-003,1839958,53.0857333775139,1191,13.990669062711667,3,3,HEALTHY,18.323022760113325,0.40703021381377913,633,1287970,47.02090522362475,False,65.28338295051532
2024-01-02 14:00:00,shard-004,909704,29.681325642771117,1183,9.564941771814258,3,3,HEALTHY,2.96848221132596,0.5493890965234844,565,636792,22.847129030611285,True,44.702817147610055
2024-01-02 14:00:00,shard-005,1431333,43.52965231945735,1411,12.955198753874598,3,2,DEGRADED,6.795027785769932,0.14677456427468627,1045,1001933,50.983337645761964,False,64.43926429905538
2024-01-02 16:00:00,shard-001,1534699,45.950976396105396,1333,13.393758364169509,3,2,DEGRADED,9.37876376083806,1.6231146107296286,1359,1074289,98.81698251668176,False,45.69692571969008
2024-01-02 16:00:00,shard-002,1228978,39.16574011535079,967,13.36838096346191,3,3,HEALTHY,9.746548372670054,1.3088878120993794,753,860284,15.45297371730737,False,57.41236841643237
2024-01-02 16:00:00,shard-003,1833689,53.238587496177615,1790,3.3938076666103885,3,2,DEGRADED,19.830569818516235,1.0882353338029533,1218,1283582,95.69084041550826,True,45.47852810343733
2024-01-02 16:00:00,shard-004,922762,29.67532251113957,1293,6.537708133725347,3,3,HEALTHY,19.530590369719107,1.0875894333181975,249,645933,35.74503748318983,False,50.70209894680351
2024-01-02 16:00:00,shard-005,1430235,43.028430323275465,1825,8.56466906475551,3,3,HEALTHY,16.427125737044218,1.9801379173968021,798,1001164,33.76205595497969,False,52.290476251622316
2024-01-02 18:00:00,shard-001,1520724,46.37674289482844,1761,8.295953745257698,3,2,DEGRADED,13.251386155938931,1.2382767389086966,1451,1064506,89.09933837674792,False,40.488099999496754
2024-01-02 18:00:00,shard-002,1234703,39.37991482801909,1267,12.13284484144727,3,2,DEGRADED,16.75688391023536,1.1603895353912685,373,864292,62.077142232716795,True,55.40110443282599
2024-01-02 18:00:00,shard-003,1830448,53.53151355657932,1315,7.408396222956291,3,3,HEALTHY,15.623819484477082,0.6273953612396499,314,1281313,55.16180786987666,False,48.81016098777051
2024-01-02 18:00:00,shard-004,909129,29.307598913552688,1688,7.612324598577738,3,2,DEGRADED,17.86064024054035,1.2321127758772283,109,636390,35.986721374354616,False,40.752951991812516
2024-01-02 18:00:00,shard-005,1441387,43.48823332132075,1994,10.675044087597112,3,2,DEGRADED,1.6632268192558008,0.7559630597939793,208,1008970,82.88322579377454,False,53.12015534829644
2024-01-02 20:00:00,shard-001,1531519,45.711591077434946,535,5.755580380248081,3,2,DEGRADED,1.169294808066561,0.04463212773799318,1043,1072063,10.424949865710786,False,55.25605897522429
2024-01-02 20:00:00,shard-002,1213002,39.34187237351897,304,8.447821059058233,3,2,DEGRADED,11.26935616930935,0.29620133838636953,1050,849101,17.99605646166072,False,49.843728113639905
2024-01-02 20:00:00,shard-003,1820410,53.579713074240864,404,10.105266707938426,3,3,HEALTHY,5.771052233401102,0.4296498436840118,1107,1274287,82.6917759783191,False,66.7172844007705
2024-01-02 20:00:00,shard-004,909292,29.58773944982412,354,7.582559339821755,3,2,DEGRADED,10.991203958824144,0.09848018751010815,701,636504,76.64248068627904,False,49.03849854525042
2024-01-02 20:00:00,shard-005,1431351,42.82237720162426,561,10.659540656928332,3,3,HEALTHY,6.831350858641658,0.2538508475706497,1110,1001945,19.519534091079116,False,49.203158697362426
2024-01-02 22:00:00,shard-001,1533256,46.384688498850636,768,3.3993890907282527,3,3,HEALTHY,19.156924780521635,0.3305969561132802,721,1073279,65.40767429352744,False,69.21692795306922
2024-01-02 22:00:00,shard-002,1216331,39.719703999881844,305,6.9680517888939555,3,2,DEGRADED,11.27304749720944,0.40659616304587487,1063,851431,83.23972837927289,False,70.95887627140131
2024-01-02 22:00:00,shard-003,1850786,52.61955492627903,213,8.571999323644018,3,2,DEGRADED,4.4052378043096585,0.041348634316390576,581,1295550,74.43144872243687,False,67.43977166805955
2024-01-02 22:00:00,shard-004,910425,29.253253927341106,248,10.687160083592625,3,3,HEALTHY,12.347115618393174,0.04277571730316784,211,637297,61.18424368605637,False,49.2372758942919
2024-01-02 22:00:00,shard-005,1414677,43.204278871801044,212,14.877410348230093,3,3,HEALTHY,11.532522999185836,0.2592185222164708,799,990273,92.77117964561064,False,57.33275485518024
2024-01-03 00:00:00,shard-001,1547045,46.68222202731285,843,11.834516943300013,3,2,DEGRADED,11.8702944369049,0.09194531369960654,1264,1082931,25.55976862192619,False,56.754389251004625
2024-01-03 00:00:00,shard-002,1246579,40.13161472287206,559,11.84403577643316,3,3,HEALTHY,10.297320945683307,0.4877132513605261,169,872605,66.64489876613497,False,74.70560834643643
2024-01-03 00:00:00,shard-003,1869300,54.59947867739473,474,3.310401931359694,3,3,HEALTHY,1.9582397874681523,0.3882504856681667,344,1308510,52.86693489358002,False,64.64513746252767
2024-01-03 00:00:00,shard-004,941791,29.82350425593111,330,9.70162327578194,3,3,HEALTHY,18.056206452487313,0.08758263864161138,441,659253,52.10093673480255,False,67.15256653555501
2024-01-03 00:00:00,shard-005,1452322,44.0428716518613,407,10.917610402798259,3,2,DEGRADED,4.39262771516365,0.27892134140087405,540,1016625,38.398329061725164,False,64.77925991727508
2024-01-03 02:00:00,shard-001,1549355,46.54039298342887,346,10.947942740251111,3,3,HEALTHY,6.856078425723917,0.36284006259917784,895,1084548,60.57120882751949,False,69.24783140187083
2024-01-03 02:00:00,shard-002,1244331,39.85200350089386,445,4.09915797119711,3,3,HEALTHY,6.848194791845968,0.018018704915969797,564,871031,33.563061867224434,False,62.16889764361028
2024-01-03 02:00:00,shard-003,1881885,54.24674729476814,478,8.155313443886644,3,3,HEALTHY,0.8086121649375122,0.2921793433657514,1679,1317319,18.615876188212297,False,50.59561445464618
2024-01-03 02:00:00,shard-004,937798,29.874390589244893,522,9.566654024547947,3,2,DEGRADED,19.37099807314266,0.27376323910463984,866,656458,42.945509267918546,False,57.695559147799
2024-01-03 02:00:00,shard-005,1468716,44.10898331724499,574,5.644786631742187,3,3,HEALTHY,2.3559962424018055,0.07004932312065167,291,1028101,10.057574089431768,False,56.17906305237299
2024-01-03 04:00:00,shard-001,1574442,46.980578094366884,507,13.794722629357707,3,2,DEGRADED,17.848458359669003,0.03638005210274688,460,1102109,95.28052276841318,False,49.83330315446045
2024-01-03 04:00:00,shard-002,1239686,40.31761635767345,345,13.066324698936578,3,2,DEGRADED,1.473948646001133,0.22810360109144412,931,867780,25.639437452572963,False,43.68809508332712
2024-01-03 04:00:00,shard-003,1889601,54.17330194562692,336,8.213090552110124,3,3,HEALTHY,8.141169336772018,0.18047190284695866,1646,1322720,81.32514162750215,False,40.77914870838829
2024-01-03 04:00:00,shard-004,930590,30.18758169489377,498,5.629327939892878,3,3,HEALTHY,9.444760422276591,0.28770134920198714,280,651413,93.92898273797269,False,65.96616197676957
2024-01-03 04:00:00,shard-005,1450533,43.75687196606539,371,13.904613908920314,3,3,HEALTHY,4.951944214018543,0.29780534491642685,692,1015373,48.34059742270566,False,46.52770630993089
2024-01-03 06:00:00,shard-001,1550864,47.161754093223706,652,12.356615840767505,3,3,HEALTHY,10.890999495978111,0.34260055374942844,1460,1085604,59.92741404108107,True,59.09408524644968
2024-01-03 06:00:00,shard-002,1249940,40.16085154509825,224,5.003752151838572,3,2,DEGRADED,16.303543790720138,0.06692667942032354,421,874958,31.18657601893966,False,40.900264701315905
2024-01-03 06:00:00,shard-003,1889790,53.88613820560341,383,13.774053314055886,3,2,DEGRADED,1.8918583421746549,0.1142028114772936,1747,1322853,81.56287170002796,False,59.27783654147131
2024-01-03 06:00:00,shard-004,928230,30.256338633494217,520,10.123859417071493,3,2,DEGRADED,4.7147301086528355,0.02813298150880164,417,649761,63.87735005768168,False,41.48821401643604
2024-01-03 06:00:00,shard-005,1456533,44.06304547100683,513,4.903756316151952,3,3,HEALTHY,3.32162790895278,0.28887750273651014,1409,1019573,68.36481546524205,False,44.86608773430787
2024-01-03 08:00:00,shard-001,1572231,47.258395757374316,556,10.675396458913406,3,2,DEGRADED,5.188015321528566,0.47160643007565867,171,1100561,48.35144872271342,False,60.243553305608735
2024-01-03 08:00:00,shard-002,1239978,40.41938204713383,365,13.314270583538372,3,3,HEALTHY,1.310306456896615,0.2466750133919414,647,867984,59.37210800608515,False,79.69691521098548
2024-01-03 08:00:00,shard-003,1884711,54.31959028484017,528,12.025173130559052,3,2,DEGRADED,1.5924791857700415,0.15763623323367063,1744,1319297,77.19588401143348,False,46.598558354453466
2024-01-03 08:00:00,shard-004,928835,29.872178375944515,219,4.729699516027164,3,2,DEGRADED,16.386100001200287,0.40108006410933494,293,650184,72.57871662153644,False,62.475030547733866
2024-01-03 08:00:00,shard-005,1464077,44.17747845858267,240,13.838487755220239,3,2,DEGRADED,3.5418310296415134,0.17250910950732423,580,1024853,30.247358091202727,False,76.901998093415
2024-01-03 10:00:00,shard-001,1550497,46.671022998460145,2050,4.854071199888823,3,3,HEALTHY,19.724605169050157,1.5327300032127158,481,1085347,35.99557935448989,True,75.65031504438122
2024-01-03 10:00:00,shard-002,1243368,39.9556226465249,1824,11.27343790802869,3,3,HEALTHY,13.65501698305274,1.0450291375733745,593,870357,55.384621280596726,False,67.3979641463499
2024-01-03 10:00:00,shard-003,1873680,54.69015557843711,1758,5.535836980530643,3,3,HEALTHY,6.13794033126389,1.2936507483120503,342,1311576,18.90501355597241,False,58.93343981418742
2024-01-03 10:00:00,shard-004,928067,29.87090533520113,1492,9.705525637414933,3,2,DEGRADED,8.327397251921552,0.44559811661324755,818,649646,99.37549219192069,False,69.89584887199977
2024-01-03 10:00:00,shard-005,1454000,43.84987896796648,949,6.203245764098608,3,3,HEALTHY,9.817206003130805,0.6068655761521297,579,1017799,91.18213467469558,False,74.16105484835867
2024-01-03 12:00:00,shard-001,1565306,47.01899737873953,1963,3.0531724495143133,3,3,HEALTHY,12.328189860545692,1.9297967021158289,1391,1095714,43.96060666433417,False,63.87923614332177
2024-01-03 12:00:00,shard-002,1251221,39.88001612547902,912,13.157731998608263,3,2,DEGRADED,2.51010680401885,1.1191514955832738,273,875854,94.51375237780677,True,60.53834813025365
2024-01-03 12:00:00,shard-003,1888386,54.69455494615622,1799,7.619370160803541,3,3,HEALTHY,14.387845636567206,1.439748659361324,707,1321870,78.19805001094316,False,60.615746304627436
2024-01-03 12:00:00,shard-004,942204,30.020516588259646,1873,7.109118776144615,3,3,HEALTHY,3.468283944311177,1.9519471717781451,187,659542,57.79948656478825,False,44.42126940117052
2024-01-03 12:00:00,shard-005,1466147,43.647589983369905,1740,12.387572186580257,3,2,DEGRADED,13.451081270014793,1.114027145410171,1197,1026302,12.940530025563804,False,58.20340207358794
2024-01-03 14:00:00,shard-001,1573409,46.84761472337787,1447,13.893523251194532,3,3,HEALTHY,7.537356409175282,0.5872635023959513,1252,1101386,74.66029753039165,False,42.05357618971901
2024-01-03 14:00:00,shard-002,1247540,40.206870926783715,1356,10.643660506830127,3,2,DEGRADED,5.531500993925604,1.6468697067583444,839,873278,50.68523573892569,False,48.99384875217937
2024-01-03 14:00:00,shard-003,1875502,53.76710247607682,1020,12.949159975229078,3,3,HEALTHY,17.480551736750495,1.2581508732409397,1138,1312851,32.22055695096927,False,48.15011084851069
2024-01-03 14:00:00,shard-004,934578,29.991777479259387,1776,12.812428623915512,3,3,HEALTHY,5.683486203336335,1.8851679017085892,879,654204,83.87359867797471,False,68.36226836201155
2024-01-03 14:00:00,shard-005,1462985,44.17726079983659,1885,11.23333900022153,3,3,HEALTHY,19.698525893348673,0.7115318003499373,685,1024089,69.72280365379581,False,49.26716518067282
2024-01-03 16:00:00,shard-001,1553903,46.745221888154454,1707,3.4949875597070936,3,2,DEGRADED,9.53194345349649,1.15722904591192,1038,1087732,26.192303719267937,False,63.27757002282473
2024-01-03 16:00:00,shard-002,1245986,40.21338415411676,1981,5.351625125035554,3,2,DEGRADED,10.959527981015032,1.1883395164031405,351,872190,44.08731501459455,False,50.9797437250553
2024-01-03 16:00:00,shard-003,1863024,53.956358816205764,1898,10.935363815537418,3,2,DEGRADED,0.8291755588965355,0.31205669306089134,279,1304116,92.98791106466169,False,41.832684849778346
2024-01-03 16:00:00,shard-004,940548,30.20384224901653,1301,7.064890098433644,3,2,DEGRADED,13.829640533909718,1.8121645879052422,119,658383,36.0620862133259,False,43.82975942507316
2024-01-03 16:00:00,shard-005,1463962,44.36925123671078,1610,8.075693340880893,3,2,DEGRADED,2.531369908969352,1.608409549785282,1204,1024773,30.20248297724209,False,64.54033873309362
2024-01-03 18:00:00,shard-001,1553324,46.96170896435127,2058,4.116353362377953,3,2,DEGRADED,0.762806922535304,0.1487297358356287,647,1087326,50.2226388533083,False,67.40747209061126
2024-01-03 18:00:00,shard-002,1241534,40.05244741836485,1773,13.83234755278899,3,3,HEALTHY,19.92583088697876,0.5540312951026387,523,869073,48.57498935830273,False,61.50573437509252
2024-01-03 18:00:00,shard-003,1876934,54.271945708726726,845,3.9718833044612607,3,2,DEGRADED,11.080315755932926,0.8848102183050787,201,1313853,84.98265901815277,False,47.46403500923093
2024-01-03 18:00:00,shard-004,931631,29.996169861122745,1555,5.870361706401857,3,2,DEGRADED,4.550340546475391,0.413295966320526,466,652141,75.53762226552747,True,75.2636151327205
2024-01-03 18:00:00,shard-005,1450175,44.21073093206792,1370,3.3095794938075977,3,2,DEGRADED,6.895607751034949,1.1369660052614383,665,1015122,19.502543234601692,False,62.70113469968039
2024-01-03 20:00:00,shard-001,1567187,47.30562659744778,564,5.430220217451829,3,2,DEGRADED,5.243695077298143,0.28973531985774714,545,1097030,91.4260259756186,False,67.6381064119926
2024-01-03 20:00:00,shard-002,1257943,40.537166177722675,591,4.548718879433743,3,2,DEGRADED,14.122468675725784,0.4503190995690789,854,880560,85.76964972625645,False,60.639893538464484
2024-01-03 20:00:00,shard-003,1882312,54.105544139741376,483,3.017643931895606,3,3,HEALTHY,7.3212614578835655,0.03853388541583743,554,1317618,37.12327498627492,True,55.27070525963737
2024-01-03 20:00:00,shard-004,932317,29.88920450640507,559,11.797482646740239,3,3,HEALTHY,2.1769442219591784,0.2560500592217576,476,652621,87.18320582347792,False,73.48153466841421
2024-01-03 20:00:00,shard-005,1448632,44.32137451911614,289,4.440730491515159,3,3,HEALTHY,4.99065206252064,0.3092873033242977,397,1014042,80.0435173617807,False,54.82211997048784
2024-01-03 22:00:00,shard-001,1562923,47.02492993325043,372,7.520561670193402,3,2,DEGRADED,15.735099744504726,0.2402142742157263,643,1094046,76.17190437006238,False,48.366577925959575
2024-01-03 22:00:00,shard-002,1257856,40.34431790923873,563,9.532184471136272,3,3,HEALTHY,19.36403175629279,0.010849556271406657,909,880499,53.005620998059314,False,50.00958979753712
2024-01-03 22:00:00,shard-003,1860241,53.898019538280785,423,7.593829569017772,3,3,HEALTHY,5.688451946788358,0.1034144884095304,1518,1302168,37.31904982946341,True,61.36904949738634
2024-01-03 22:00:00,shard-004,930987,29.90617856272306,375,6.665397280694022,3,3,HEALTHY,19.41583745877101,0.3557986923523574,500,651690,40.42900731846464,False,71.8118405604566
2024-01-03 22:00:00,shard-005,1444188,43.986837557098966,319,13.48189158469783,3,3,HEALTHY,7.825360506148971,0.21545940627236881,1328,1010931,28.609024722328524,False,42.5394011524906
2024-01-04 00:00:00,shard-001,1600532,48.171404219938246,892,8.841465711741208,3,2,DEGRADED,4.216603754370412,0.2726827502761285,1419,1120372,43.22302473107994,False,56.157616428095665
2024-01-04 00:00:00,shard-002,1279964,40.63111240036198,403,12.334793740908797,3,3,HEALTHY,13.800804071379606,0.209002263414655,711,895974,17.44673808028702,False,46.176571066783325
2024-01-04 00:00:00,shard-003,1894845,55.6363749248162,298,7.184120010104321,3,3,HEALTHY,1.933879296615666,0.2757218368490156,563,1326391,49.39130574383041,False,47.363275031161926
2024-01-04 00:00:00,shard-004,947534,30.849850259451216,347,7.122161809666657,3,2,DEGRADED,17.138640123096817,0.09251920748274575,547,663273,66.85448892599605,False,48.60296131533795
2024-01-04 00:00:00,shard-005,1482724,44.65389177839983,399,9.841051553862584,3,3,HEALTHY,16.455308744996323,0.30443438102893666,1455,1037906,84.02971464260885,False,79.35699876015411
2024-01-04 02:00:00,shard-001,1587027,48.05455023626457,592,11.690964761989006,3,2,DEGRADED,15.506017839673474,0.10539540066182236,211,1110918,78.65059902618329,False,51.7342735123463
2024-01-04 02:00:00,shard-002,1265448,41.340001226449466,394,13.167473001465781,3,3,HEALTHY,6.447787135862971,0.23825077529148914,660,885813,87.81830564999994,False,78.53487866332907
2024-01-04 02:00:00,shard-003,1926543,55.168267246725904,367,7.193293407292351,3,3,HEALTHY,1.6990971306493141,0.30146443932893463,1727,1348580,99.6890983082983,False,74.04900920745123
2024-01-04 02:00:00,shard-004,949969,30.91130453895388,210,7.966516485344542,3,2,DEGRADED,11.139534173835571,0.49100129663216463,272,664978,89.58517383185725,True,52.81672420760701
2024-01-04 02:00:00,shard-005,1489594,44.45997610013294,239,9.199543830068187,3,3,HEALTHY,10.796134220907739,0.25733726329779827,1308,1042715,29.023951753661674,False,65.18628416312801
2024-01-04 04:00:00,shard-001,1596839,47.48531081261755,624,13.67025797392945,3,2,DEGRADED,16.058590179287236,0.016223044611325284,1091,1117787,71.6359068368227,False,51.31164341975543
2024-01-04 04:00:00,shard-002,1267877,41.00102666741749,366,10.557488813746016,3,3,HEALTHY,3.1098347465080733,0.18854439791809177,546,887513,87.869332518524,False,51.360061422422675
2024-01-04 04:00:00,shard-003,1916174,55.07081244578972,426,14.019279591580585,3,2,DEGRADED,4.936999288710515,0.39907721372478,1157,1341321,30.98114376113144,True,55.25638216795384
2024-01-04 04:00:00,shard-004,951540,30.61066025573537,336,4.6707685443511675,3,2,DEGRADED,1.76014071614222,0.49850252775065984,468,666078,26.117593267755304,False,41.54200566267272
2024-01-04 04:00:00,shard-005,1477890,44.47497739547342,352,9.592961597349232,3,3,HEALTHY,1.4713784596539425,0.058898283860297475,549,1034522,76.61436536246903,False,64.5716521990548
2024-01-04 06:00:00,shard-001,1588480,47.618913637607264,385,14.190038596747108,3,3,HEALTHY,2.519661353011049,0.3129875319065067,1142,1111936,12.458346061516808,False,76.53389168373339
2024-01-04 06:00:00,shard-002,1284118,40.91364157414802,259,5.748280293240937,3,3,HEALTHY,3.8254122332571128,0.142537025626307,1121,898882,19.257222124111905,False,65.55208611635194
2024-01-04 06:00:00,shard-003,1926895,54.9940342474174,517,5.653840700350344,3,2,DEGRADED,3.5700519496150296,0.4660025235083099,274,1348826,64.10915843877092,True,50.85569705402689
2024-01-04 06:00:00,shard-004,957705,30.350864905380103,298,6.589639713853663,3,2,DEGRADED,3.464548112530068,0.28114580139214396,257,670393,91.02713438877748,False,70.55418340310517
2024-01-04 06:00:00,shard-005,1474302,44.60954989708263,589,10.516379457973164,3,2,DEGRADED,0.1294726410745306,0.09180052753061263,1269,1032011,31.395601337044035,False,45.78004475157576
2024-01-04 08:00:00,shard-001,1586509,48.22206963062405,730,10.257260893110548,3,3,HEALTHY,18.541102240417977,0.23142683795195268,1403,1110556,98.32638825271508,False,46.97076770281009
2024-01-04 08:00:00,shard-002,1284037,40.84690656588592,439,3.7082778461527166,3,3,HEALTHY,6.557780475498987,0.4675574502039721,553,898825,24.07217279510117,False,52.916431352735884
2024-01-04 08:00:00,shard-003,1891634,54.71480978978048,410,12.04093840982151,3,2,DEGRADED,18.571594512528886,0.30331687273163843,1283,1324143,71.26009384257816,False,55.53920553443424
2024-01-04 08:00:00,shard-004,957748,30.93898261145233,227,9.613568446657947,3,2,DEGRADED,12.09114783797823,0.4816483535325465,901,670423,56.52893929911344,False,78.14647591191553
2024-01-04 08:00:00,shard-005,1483898,44.74319466460282,462,3.2070649654791494,3,2,DEGRADED,15.901309206664763,0.2895866696413118,458,1038728,93.1544470736482,False,45.60903234966206
2024-01-04 10:00:00,shard-001,1590097,47.6713512669148,2230,7.129297766807454,3,2,DEGRADED,7.03597974726319,0.4514507332654465,299,1113067,22.983947480009043,False,56.65416369338163
2024-01-04 10:00:00,shard-002,1279525,41.059292335544654,1006,7.6765025934027005,3,2,DEGRADED,15.432248072952362,0.6216204738103621,679,895667,96.29962675606384,False,73.3769305107257
2024-01-04 10:00:00,shard-003,1912368,54.87356160698368,1520,11.318945349564135,3,3,HEALTHY,2.8340149003428072,1.6563717273385332,1206,1338657,94.34866766417645,False,60.99117964831524
2024-01-04 10:00:00,shard-004,948606,30.57294570766348,882,3.633568027730589,3,2,DEGRADED,8.384859718306322,0.380612197124393,758,664024,57.269483938336734,False,55.956168756208
2024-01-04 10:00:00,shard-005,1477261,45.26393450473896,1752,7.345023879760907,3,3,HEALTHY,7.1372481724423364,1.3126383081074955,176,1034082,51.46975359698561,True,51.00972728620341
2024-01-04 12:00:00,shard-001,1590124,47.75225654393148,2736,9.705189586966757,3,2,DEGRADED,19.77348854538028,0.9177581760470009,203,1113086,82.15167663811602,False,43.90301607114252
2024-01-04 12:00:00,shard-002,1270302,41.219328170281834,1190,7.429288562995749,3,3,HEALTHY,17.190051944375266,1.4554716299058055,310,889211,85.83315502489447,False,63.0336549456315
2024-01-04 12:00:00,shard-003,1924705,55.69584265957821,1141,14.267761938665114,3,2,DEGRADED,17.031909791471843,0.441331268395582,965,1347293,87.71836771628385,False,79.4283519905876
2024-01-04 12:00:00,shard-004,953342,30.580095351201013,1335,12.590336446308445,3,3,HEALTHY,6.80802319231911,1.0762950910001179,421,667339,48.022449475088976,False,71.9062090142385
2024-01-04 12:00:00,shard-005,1480249,44.753787065715656,1912,5.72719229056814,3,2,DEGRADED,10.828737391935183,0.1844466644785492,373,1036174,83.4717168504525,False,49.427327179670414
2024-01-04 14:00:00,shard-001,1584105,48.01892934166568,2917,14.71486861572187,3,2,DEGRADED,16.846486755974176,0.4591103659683947,952,1108873,67.17724962021398,True,40.93132188341162
2024-01-04 14:00:00,shard-002,1259353,41.238189705898606,1645,13.401725987447373,3,2,DEGRADED,9.561533852776321,0.1543494129107309,605,881547,56.052568557860546,False,47.07714395300712
2024-01-04 14:00:00,shard-003,1908881,54.712177784671916,1643,6.656746142382599,3,2,DEGRADED,13.71681812199867,0.25194188519799243,354,1336216,23.892418029764617,False,47.5000707451372
2024-01-04 14:00:00,shard-004,952024,30.92186814129321,1898,8.766373085221955,3,3,HEALTHY,15.754512644989841,1.3019445393069957,708,666416,64.69822061411678,False,61.686005849729256
2024-01-04 14:00:00,shard-005,1482084,44.56663846353664,1362,3.317512286770604,3,2,DEGRADED,16.987672795620295,1.0928747623331418,763,1037458,17.102163133081447,False,41.3612235949463
2024-01-04 16:00:00,shard-001,1602881,47.659187646803694,2577,13.243522400106023,3,2,DEGRADED,10.516976267119077,1.1784528680814128,1598,1122016,93.54431551567376,False,57.12271569948203
2024-01-04 16:00:00,shard-002,1267537,41.15684938985857,1426,3.1147794313034614,3,3,HEALTHY,5.8621625232700865,0.7515980694484043,299,887275,90.19613377606426,False,56.6016899053668
2024-01-04 16:00:00,shard-003,1911809,54.935296219435614,1300,3.1523287513721656,3,3,HEALTHY,1.1532951719430806,0.23124173289461133,1640,1338266,37.942258511210895,False,48.14717003833752
2024-01-04 16:00:00,shard-004,958623,30.63840196352281,896,13.871287725873815,3,2,DEGRADED,10.217622736575006,0.12080376326290278,449,671036,42.20637262375182,False,73.72146004628235
2024-01-04 16:00:00,shard-005,1471877,44.66590270270224,1809,8.965384693339036,3,2,DEGRADED,0.9276749534625073,1.426232811655591,858,1030313,56.60904024383338,False,68.207547668165
2024-01-04 18:00:00,shard-001,1598454,47.704376673141866,1587,6.104245196461752,3,3,HEALTHY,14.113153896561236,0.3319751372682328,1375,1118917,91.22744763689208,False,72.5228911859027
2024-01-04 18:00:00,shard-002,1270284,41.14055086804389,1779,8.940195545056504,3,2,DEGRADED,19.149408884231264,0.8128640227936944,691,889198,44.200061754127695,False,67.84892731083127
2024-01-04 18:00:00,shard-003,1914791,55.727475346721626,1520,9.850568293501553,3,3,HEALTHY,11.67944184447084,1.769155286755358,965,1340353,50.66729786063524,False,57.817756649576566
2024-01-04 18:00:00,shard-004,954506,30.636544090487032,1193,9.983169968883203,3,3,HEALTHY,14.668676118636236,0.9805291423656466,157,668154,71.56146908615185,False,41.78489010792528
2024-01-04 18:00:00,shard-005,1470812,44.66246511176955,1393,12.007911740806799,3,2,DEGRADED,0.5646109276227218,1.6563300496718663,272,1029568,65.8760471082439,False,65.72246209165506
2024-01-04 20:00:00,shard-001,1580535,47.4928900196057,457,12.78180580619531,3,3,HEALTHY,6.737489844268194,0.028920084118650574,1351,1106374,53.90678893543659,False,76.99990593412579
2024-01-04 20:00:00,shard-002,1284225,40.7365742548489,447,12.378297707570423,3,3,HEALTHY,1.0299458777495252,0.33389128869814155,323,898957,63.82230315510226,True,64.2624524467503
2024-01-04 20:00:00,shard-003,1904966,55.15439188185583,501,3.9688111229849663,3,3,HEALTHY,8.101174271344263,0.22805740835826652,1155,1333476,21.011652986114942,False,47.15458828126963
2024-01-04 20:00:00,shard-004,952860,30.50766249832068,330,14.176610405468887,3,2,DEGRADED,17.884163183297417,0.030789114843661952,246,667002,95.38627532045093,False,43.98552399566825
2024-01-04 20:00:00,shard-005,1478445,45.21133676442615,403,6.745269392148103,3,3,HEALTHY,17.865845188804656,0.3753020488704331,764,1034911,32.664382669135314,False,46.525119018293275
2024-01-04 22:00:00,shard-001,1604251,47.62164530551289,583,9.689789366641213,3,2,DEGRADED,2.598387678068639,0.37334378633793663,1343,1122975,10.472019855363678,False,55.85382074287643
2024-01-04 22:00:00,shard-002,1259749,40.74097316410109,581,14.129247575010297,3,2,DEGRADED,0.1821076303543956,0.3936795238894435,1193,881824,27.740761008074298,False,69.37861275451944
2024-01-04 22:00:00,shard-003,1907186,54.680605821555126,552,8.296128889792353,3,3,HEALTHY,3.5384100379989514,0.24495896111494259,1452,1335030,27.499962710203697,False,68.32303937152804
2024-01-04 22:00:00,shard-004,961245,30.497450755307764,497,6.073713947673265,3,3,HEALTHY,9.95504763768836,0.2630597939736087,569,672871,24.602429342294435,False,71.0986349662277
2024-01-04 22:00:00,shard-005,1492533,44.99612358282073,490,12.324304254942588,3,3,HEALTHY,6.2457885724883155,0.388406196672141,1456,1044773,35.76718290599845,True,68.29262598402293
2024-01-05 00:00:00,shard-001,1634014,48.97512297053921,529,5.8664393936261305,3,3,HEALTHY,4.026197038413604,0.04473992956560444,875,1143809,95.63361416610282,False,56.9090909515624
2024-01-05 00:00:00,shard-002,1290816,41.50549739085168,359,4.117409905825974,3,3,HEALTHY,16.630732220093705,0.14156926518324028,688,903571,90.39144983711786,False,79.37844249564043
2024-01-05 00:00:00,shard-003,1927196,55.9012344773471,598,12.733342830625947,3,3,HEALTHY,7.883532360255776,0.10336994861772186,995,1349037,98.25553475255423,True,74.80940206859935
2024-01-05 00:00:00,shard-004,962925,31.118115774603258,592,5.806467153599495,3,2,DEGRADED,13.489908513002266,0.06722564660373144,670,674047,75.47656621179985,False,55.379552701685
2024-01-05 00:00:00,shard-005,1514261,45.60726559418483,586,4.755883701249675,3,2,DEGRADED,6.3670575614741365,0.3286496053484308,897,1059982,62.43782081183414,False,58.78168660716165
2024-01-05 02:00:00,shard-001,1635001,48.86888299364198,676,10.184945772858832,3,2,DEGRADED,7.260433207115784,0.4814402379954043,559,1144500,98.71361866684607,False,57.21951826372931
2024-01-05 02:00:00,shard-002,1286269,41.82044593287852,509,14.032814218543052,3,2,DEGRADED,13.726470648802554,0.3636820416599913,519,900388,75.20447472318658,False,76.60102662020282
2024-01-05 02:00:00,shard-003,1930683,56.06501357516111,253,8.695972289233163,3,2,DEGRADED,17.789008848135627,0.01702555639672636,1714,1351478,86.96654470469211,False,72.20777441808096
2024-01-05 02:00:00,shard-004,971376,31.51584698512368,295,5.428737680018481,3,2,DEGRADED,18.75532219707949,0.3960346525413739,227,679963,83.3724465807356,False,65.00818230933581
2024-01-05 02:00:00,shard-005,1514725,45.48480066597652,321,14.452897467437984,3,2,DEGRADED,11.071951556396908,0.0632096896473238,1210,1060307,25.329051477336037,False,42.0802054802095
2024-01-05 04:00:00,shard-001,1621776,49.18092580303132,424,9.393374486377866,3,2,DEGRADED,17.68726785739338,0.01850723158014428,881,1135243,71.18584559423911,False,61.55430197175177
2024-01-05 04:00:00,shard-002,1291908,41.8032642221292,470,9.01400061004172,3,3,HEALTHY,18.33712513715502,0.4090160035804975,844,904335,23.34060927981676,False,60.92389725771639
2024-01-05 04:00:00,shard-003,1952223,56.698208419554305,219,12.209705816423767,3,3,HEALTHY,10.289443622093039,0.3926382670666497,209,1366556,71.11163976856045,False,47.79768326024498
2024-01-05 04:00:00,shard-004,972952,30.928853123527002,407,6.0621369739472915,3,2,DEGRADED,8.95476116522163,0.36188874024945206,668,681066,58.20771131351022,False,68.38335112574657
2024-01-05 04:00:00,shard-005,1499939,46.05474898596431,461,4.964913507708733,3,3,HEALTHY,10.303936910132858,0.30773479154546346,389,1049957,86.68088067612594,False,75.06212324009941
2024-01-05 06:00:00,shard-001,1628356,48.93013865720338,352,11.860415102147043,3,3,HEALTHY,7.791482950123796,0.25641900087635155,1194,1139849,47.74057991619942,False,60.77355530329984
2024-01-05 06:00:00,shard-002,1303377,41.79560871633707,295,12.452248429392212,3,3,HEALTHY,0.18284606234019396,0.47270001963472735,946,912363,86.99573490378278,False,65.91086620611917
2024-01-05 06:00:00,shard-003,1926802,55.76775659575852,441,14.046076270320741,3,3,HEALTHY,14.08550922520065,0.18424889435281627,1504,1348761,79.63319494173936,False,44.21405486053379
2024-01-05 06:00:00,shard-004,969632,31.06950941130755,331,14.885968719470235,3,2,DEGRADED,3.467978395750506,0.3329267571744089,885,678742,72.05174991059224,False,46.37632633388543
2024-01-05 06:00:00,shard-005,1505706,45.59892080052671,530,10.753868612561304,3,3,HEALTHY,8.823473920521199,0.30807474303707416,412,1053994,28.77166262367669,False,44.906901229398734
2024-01-05 08:00:00,shard-001,1604084,48.80094203302502,304,3.8283175475179974,3,2,DEGRADED,1.8281755652931686,0.31193260475642315,1295,1122858,63.741397550243484,False,67.7053511455333
2024-01-05 08:00:00,shard-002,1292310,41.97463507309354,584,6.822241325265731,3,2,DEGRADED,16.743756988340653,0.4398327186918085,1162,904617,81.5247918690169,False,64.54320647339003
2024-01-05 08:00:00,shard-003,1944373,55.99020308465339,449,6.135651449495635,3,2,DEGRADED,5.091996152780749,0.45600697374095905,701,1361061,61.51608994995773,False,70.80048841235846
2024-01-05 08:00:00,shard-004,973982,31.232508868595616,279,14.935631064610726,3,3,HEALTHY,12.68270056380399,0.4238979993482755,109,681787,50.06487990060132,False,58.38847902828046
2024-01-05 08:00:00,shard-005,1521594,45.7666152856197,381,10.498947119574092,3,2,DEGRADED,7.303355536336264,0.356370950210057,1412,1065115,47.619283672250276,False,56.723953297598634
2024-01-05 10:00:00,shard-001,1607032,49.138229590754186,2208,11.077933536867825,3,3,HEALTHY,15.194205012895367,1.5377937087203464,712,1124922,14.142988047511814,False,65.1692555653365
2024-01-05 10:00:00,shard-002,1283415,41.92259216824083,1226,13.70752438675737,3,2,DEGRADED,2.9031935989912827,1.6329046448550875,740,898390,36.416447169102,False,60.562813609320486
2024-01-05 10:00:00,shard-003,1945971,55.720381915017605,1210,11.293912690619175,3,3,HEALTHY,2.8575205730370534,1.950220760700555,1405,1362179,53.66497191458407,False,67.93248230608032
2024-01-05 10:00:00,shard-004,974541,30.943317877873735,1425,5.35355406125883,3,2,DEGRADED,16.021525724701075,0.7491497833309603,556,682178,63.593303858756286,False,46.44067323284391
2024-01-05 10:00:00,shard-005,1506813,45.76350443009404,1638,14.216078480899792,3,2,DEGRADED,17.278977024151313,0.8638654081545069,377,1054769,48.56808759968263,False,56.08816992054141
2024-01-05 12:00:00,shard-001,1633113,48.42548336628633,2107,12.938834881833817,3,2,DEGRADED,18.38188592927944,1.3767484490039066,594,1143179,30.101348042383066,False,73.81759171599202
2024-01-05 12:00:00,shard-002,1288191,41.73533172625758,923,13.699825544422326,3,2,DEGRADED,0.9353950155052493,0.804280013007962,892,901733,36.59846208003303,True,49.52152006067503
2024-01-05 12:00:00,shard-003,1953955,56.212215012411484,1025,10.72292683215894,3,2,DEGRADED,17.07216654996129,1.6878304642216637,1439,1367768,89.21932954033713,True,47.028454429587214
2024-01-05 12:00:00,shard-004,978259,31.186188100840493,1425,14.290172014559722,3,2,DEGRADED,14.620495862335535,1.7296493990319461,308,684781,94.4208918251903,False,75.3648092369029
2024-01-05 12:00:00,shard-005,1525838,46.136199405164916,1957,13.03883848368787,3,2,DEGRADED,11.671869501320245,0.6286702488357032,349,1068086,74.8782980245779,False,46.02481343017014
2024-01-05 14:00:00,shard-001,1617886,48.9108770973567,2113,12.794999048416031,3,2,DEGRADED,8.429375443994685,1.6387090519661731,539,1132520,65.6234090294409,False,71.94255199176484
2024-01-05 14:00:00,shard-002,1294798,41.79386936319026,1592,8.11319088536132,3,2,DEGRADED,1.1827856768148637,1.971872530995969,1172,906358,54.297589889476576,False,75.0260022825169
2024-01-05 14:00:00,shard-003,1926162,55.7864512675364,1395,5.9399569493848965,3,3,HEALTHY,13.672297168859561,0.3387517544921421,550,1348313,49.91139096259718,False,64.80247820910886
2024-01-05 14:00:00,shard-004,972643,31.227667204607986,1411,7.733580519488123,3,2,DEGRADED,1.1339272639464548,1.4300770337162325,293,680850,67.48397986907963,False,68.56906122237511
2024-01-05 14:00:00,shard-005,1525469,45.799221936696455,1674,13.322768955343857,3,2,DEGRADED,13.198026632083387,1.43660104031254,276,1067828,85.2184642736939,False,50.846642844462416
2024-01-05 16:00:00,shard-001,1612487,49.1034128576847,2505,4.251520398069923,3,3,HEALTHY,9.366775497631277,0.5201145542915604,610,1128740,48.348663171843725,False,72.67996498414293
2024-01-05 16:00:00,shard-002,1290675,41.58698393271797,1281,3.2075000833824987,3,2,DEGRADED,0.0354816726895435,0.8925083616419067,841,903472,69.18809099685399,False,66.9845182469573
2024-01-05 16:00:00,shard-003,1933124,56.42111525308449,1094,13.560703563958727,3,2,DEGRADED,18.32986904270384,1.2971320181694839,599,1353186,35.44760618410771,False,61.10999973929719
2024-01-05 16:00:00,shard-004,963740,31.39980486752577,1173,8.468700128389756,3,2,DEGRADED,6.527770543245241,0.9240266167889537,386,674618,93.61569554973936,False,55.18696590372643
2024-01-05 16:00:00,shard-005,1510962,45.50671081549166,1639,4.841729538107154,3,2,DEGRADED,6.898484442678523,0.4349192282677904,599,1057673,55.23717103581229,False,76.83970539651251
2024-01-05 18:00:00,shard-001,1625392,48.37236857571928,2514,13.159562569213243,3,3,HEALTHY,5.827644903464186,0.9103734203507655,1140,1137774,30.97374583393213,False,40.945536215961
2024-01-05 18:00:00,shard-002,1291791,42.10180724387974,1727,8.713126157889599,3,3,HEALTHY,15.107177418951295,1.5972393188667708,240,904253,19.3587745660293,False,48.2677787056338
2024-01-05 18:00:00,shard-003,1942237,56.3281867572949,1576,7.967392994977225,3,2,DEGRADED,19.525002232375034,0.6587133644269075,598,1359565,68.82542681556333,False,70.54438309752032
2024-01-05 18:00:00,shard-004,976138,31.176704079926168,833,5.687410468424007,3,2,DEGRADED,14.574669082134857,1.1215912158787402,628,683296,74.18806002587945,True,51.674575203584986
2024-01-05 18:00:00,shard-005,1499649,45.681753430527756,985,4.068454761272567,3,2,DEGRADED,18.871332311798042,0.4734206406690694,954,1049754,52.50253072392629,False,63.84727345888251
2024-01-05 20:00:00,shard-001,1636113,49.10010094789748,636,13.675611232574425,3,3,HEALTHY,8.110647978938223,0.39471070716832646,262,1145279,75.5322798131245,False,68.07209255959107
2024-01-05 20:00:00,shard-002,1292657,41.69983939089885,342,7.379977172612911,3,3,HEALTHY,7.0435182911028305,0.45310257748262023,466,904859,26.647819177511238,False,45.98003128739715
2024-01-05 20:00:00,shard-003,1949490,56.37935110389475,505,4.452463201281093,3,2,DEGRADED,0.5785560439001469,0.40040464183989577,1041,1364643,49.14577407885328,False,50.87385547599722
2024-01-05 20:00:00,shard-004,976659,31.27858837231314,378,6.903924134060139,3,3,HEALTHY,18.864573464712574,0.10660932534802617,824,683661,80.07976028030674,False,73.94038815169803
2024-01-05 20:00:00,shard-005,1502870,45.41278695646213,445,4.702538720442362,3,3,HEALTHY,15.931601937860423,0.2766284883616949,306,1052009,77.79630285075596,True,41.43669588796015
2024-01-05 22:00:00,shard-001,1610716,48.70201694673534,643,10.404855710563101,3,2,DEGRADED,1.1515490162894149,0.19016589047081808,543,1127501,72.80829397182725,False,66.802171161502
2024-01-05 22:00:00,shard-002,1290478,41.965823347297786,295,14.342877611964816,3,2,DEGRADED,15.376428114424801,0.2625726854803384,1193,903334,76.74630428917995,False,75.87817448338372
2024-01-05 22:00:00,shard-003,1947914,55.83272950202858,475,11.473347732875446,3,2,DEGRADED,12.611152188343052,0.05368890755617917,670,1363539,26.535244835052193,False,43.119498938033686
2024-01-05 22:00:00,shard-004,970232,31.335549165945114,201,3.0074784605181724,3,2,DEGRADED,8.837769105701216,0.17341336144249603,799,679162,67.26730577569347,False,44.19082142125593
2024-01-05 22:00:00,shard-005,1497737,45.28028303858046,356,8.213177523813334,3,2,DEGRADED,2.472112852727655,0.09110318195927916,896,1048415,42.360987511096475,False,56.49912966406727
2024-01-06 00:00:00,shard-001,1659681,49.65604476807594,676,7.400792018717805,3,2,DEGRADED,10.554879186649757,0.40635505972551517,1525,1161776,43.8223215830757,False,48.96796926862123
2024-01-06 00:00:00,shard-002,1316306,42.391822974302585,407,11.873494003053164,3,3,HEALTHY,2.5357945300146634,0.4230328386910578,1108,921414,69.39141245709811,False,40.214441447134426
2024-01-06 00:00:00,shard-003,1980387,57.4691920475543,581,4.804865843459073,3,2,DEGRADED,6.330199513964341,0.40109479162293254,387,1386270,89.35264535154971,False,60.13349986280308
2024-01-06 00:00:00,shard-004,999144,31.492683366869723,564,5.155068935146598,3,3,HEALTHY,14.932540230896016,0.34145456184394557,354,699400,44.64013780408065,False,67.83116285369647
2024-01-06 00:00:00,shard-005,1549566,46.836627815668976,486,9.46676652923571,3,3,HEALTHY,17.535222467547868,0.3868437905312729,401,1084696,80.83774684206678,False,52.39011963352048
2024-01-06 02:00:00,shard-001,1652035,49.52988002382171,522,6.127806352482343,3,2,DEGRADED,10.657602035242482,0.2526797131461158,503,1156424,15.154050837194585,False,51.66651337723056
2024-01-06 02:00:00,shard-002,1314266,42.690704558915925,413,10.912513166653707,3,3,HEALTHY,7.843010912878714,0.16333827595738964,279,919986,35.76409638879238,False,64.97158952760716
2024-01-06 02:00:00,shard-003,1961785,57.208986457175186,563,6.80983585269075,3,2,DEGRADED,4.488399436990682,0.34921886501147203,1088,1373249,19.888452195948815,False,75.24598167188807
2024-01-06 02:00:00,shard-004,980894,31.742758010807144,473,9.229280088209949,3,3,HEALTHY,2.5778962702396013,0.24225821012863022,527,686625,52.71807885755118,True,62.712616378847976
2024-01-06 02:00:00,shard-005,1551810,46.17625742334402,521,13.916855803432147,3,2,DEGRADED,0.3263805072692749,0.29574740846140196,1271,1086267,16.41223339122447,False,70.0182604851564
2024-01-06 04:00:00,shard-001,1661376,49.997615870841,837,9.251702688803359,3,3,HEALTHY,0.8596464093466394,0.4379307534312284,1522,1162963,66.5498372153611,False,69.2516770390452
2024-01-06 04:00:00,shard-002,1315908,42.17639237682317,519,13.068490057033406,3,3,HEALTHY,12.962768740925036,0.2513542226257955,786,921135,99.44547622351112,False,62.48771223726373
2024-01-06 04:00:00,shard-003,1965267,57.83208471483373,452,8.748118056554755,3,3,HEALTHY,8.339258359220798,0.39427802659844613,639,1375686,22.30956122168117,False,52.090108877649556
2024-01-06 04:00:00,shard-004,997596,31.669203971392612,471,4.589616705025433,3,3,HEALTHY,10.20025491635961,0.200250810820797,493,698317,36.42152717518671,False,73.71972782238733
2024-01-06 04:00:00,shard-005,1545225,46.618424159552276,333,14.134787541693303,3,2,DEGRADED,9.896435349022665,0.22120359565596867,339,1081657,85.92644539464048,False,67.14411541211823
2024-01-06 06:00:00,shard-001,1633868,49.55183984893931,502,8.901345940762702,3,3,HEALTHY,12.64582923747654,0.4954775610476461,351,1143707,93.95065320606646,False,49.58694548312236
2024-01-06 06:00:00,shard-002,1307184,42.524054625852116,472,4.20685482673267,3,2,DEGRADED,1.7766905926950205,0.30180573859450327,819,915028,22.909706572347698,False,47.78273103279451
2024-01-06 06:00:00,shard-003,1964807,57.6142072862618,227,5.773128148989114,3,3,HEALTHY,0.5203751555260983,0.1999250953018174,1810,1375364,38.86047759432225,False,71.49033521496074
2024-01-06 06:00:00,shard-004,981768,31.735838541959506,384,8.296695086311265,3,3,HEALTHY,10.704417592440059,0.013685713456760206,661,687237,98.50489371984087,False,45.84476655397064
2024-01-06 06:00:00,shard-005,1540239,46.90224314558539,581,14.125306410628284,3,2,DEGRADED,5.48570597047076,0.04407709269926166,277,1078167,82.52742772858186,False,58.04528627459925
2024-01-06 08:00:00,shard-001,1657975,49.483286072699535,768,11.619192475537771,3,2,DEGRADED,0.8793479707035479,0.018686218502483636,730,1160582,29.01520802553258,False,76.20720625553474
2024-01-06 08:00:00,shard-002,1332108,42.90961283787463,206,3.2735520888071674,3,3,HEALTHY,9.65050272431315,0.39525094442600417,564,932475,50.396760292410434,True,65.28698472760406
2024-01-06 08:00:00,shard-003,1997660,57.59132124291149,553,10.282482689372891,3,2,DEGRADED,9.350247347108215,0.203586757170615,1192,1398362,75.52810051863997,True,71.57189555492008
2024-01-06 08:00:00,shard-004,986797,31.73590241509128,438,9.351759366248931,3,2,DEGRADED,18.40994115041822,0.30038337086389744,814,690757,22.79485960167603,False,41.91338711189121
2024-01-06 08:00:00,shard-005,1530084,46.98007326249219,310,11.734098694545612,3,3,HEALTHY,7.412622266968509,0.20774541724842846,1201,1071058,53.22406752115834,False,48.7828692760757
2024-01-06 10:00:00,shard-001,1651792,49.658912365200216,847,3.9254520123653753,3,3,HEALTHY,1.1775091073052035,0.22586790955465463,368,1156254,26.088004082883472,False,45.738444997079725
2024-01-06 10:00:00,shard-002,1326369,42.69649996755434,402,13.499222708777864,3,2,DEGRADED,11.54510478638983,0.01558887561795181,221,928458,31.865077066832793,True,47.222483222714565
2024-01-06 10:00:00,shard-003,1984769,57.58320213237925,254,3.7210833048675327,3,2,DEGRADED,3.1986139289517235,0.47041759521959897,711,1389338,50.8453316080374,False,41.803910438344836
2024-01-06 10:00:00,shard-004,984283,31.891536541878686,364,14.16960312605093,3,2,DEGRADED,10.412158667359856,0.42221302625790197,187,688998,94.54719404811766,False,68.04706127198301
2024-01-06 10:00:00,shard-005,1548962,46.49262077350375,336,5.242000421525198,3,2,DEGRADED,6.473185028382156,0.46988302473269966,381,1084273,15.357784099980247,False,41.23217968333653
2024-01-06 12:00:00,shard-001,1636894,50.03844458507227,474,8.749793817744463,3,3,HEALTHY,9.002022510002812,0.3279289105291992,1168,1145825,13.86133859277732,False,67.50549867355937
2024-01-06 12:00:00,shard-002,1315379,42.58298599953205,491,6.696344348596092,3,2,DEGRADED,11.926770244147871,0.09097304045553795,1218,920765,71.3856795132985,False,63.41297321488457
2024-01-06 12:00:00,shard-003,1995470,56.77360597233539,284,10.426532657627979,3,2,DEGRADED,5.001842350027679,0.21996635157926445,648,1396829,92.8298340566291,False,79.06247624834579
2024-01-06 12:00:00,shard-004,983012,32.022497664212985,496,7.093565468350393,3,3,HEALTHY,6.255820932063387,0.08204962722335996,399,688108,48.02703151604033,True,45.7956051253687
2024-01-06 12:00:00,shard-005,1525402,46.92015898735344,475,5.269429851064369,3,2,DEGRADED,13.240501147519073,0.39610825428372953,1229,1067781,64.47037256258255,True,47.661356097041306
2024-01-06 14:00:00,shard-001,1643081,49.59878214031817,412,8.114191212196133,3,3,HEALTHY,9.131402128483476,0.1425756043095039,1083,1150156,20.85071902887265,False,46.83052704738735
2024-01-06 14:00:00,shard-002,1315947,42.401518421186616,246,12.179068963037743,3,3,HEALTHY,2.538063609308616,0.2876447320467758,292,921162,90.56706265204441,False,55.4079518564543
2024-01-06 14:00:00,shard-003,1966125,57.275321170508825,403,8.187263191560994,3,2,DEGRADED,17.793239357932904,0.01528690668715118,1321,1376287,58.92076446965565,False,74.98672427254678
2024-01-06 14:00:00,shard-004,997752,31.61749469130974,483,9.845918250969152,3,3,HEALTHY,2.5998192880521587,0.36031480372702335,548,698426,25.75864923177462,False,40.258926644815894
2024-01-06 14:00:00,shard-005,1529388,46.26790185824514,590,9.287735912785225,3,3,HEALTHY,2.0880682145851326,0.045090435520588605,582,1070571,98.34905100239034,False,63.393659461785404
2024-01-06 16:00:00,shard-001,1646933,49.224448122240226,691,10.85612694406935,3,3,HEALTHY,10.87473473916658,0.2713283018983436,537,1152853,39.47060819784882,False,77.8384371453602
2024-01-06 16:00:00,shard-002,1326606,42.50311080350296,292,10.302841298523958,3,2,DEGRADED,9.205655708329978,0.32243564019168863,1283,928624,11.575546085007979,False,42.74039731236425
2024-01-06 16:00:00,shard-003,1996081,57.27795656954186,417,7.947951286240011,3,2,DEGRADED,5.757735215086481,0.19771126423314178,248,1397256,68.99458484876145,False,71.58445239769142
2024-01-06 16:00:00,shard-004,999834,32.08695626250771,554,7.816296896035572,3,3,HEALTHY,0.33046303239849584,0.4938019401805384,851,699883,16.539359136330287,False,44.53329893171846
2024-01-06 16:00:00,shard-005,1544064,46.22069103016746,398,14.682226544448685,3,2,DEGRADED,16.869288297116135,0.08909913744142982,1495,1080844,28.385317928250576,False,63.60977534661383
2024-01-06 18:00:00,shard-001,1644317,50.12698017460439,354,7.644187929905328,3,3,HEALTHY,14.676974881187117,0.22271817838754504,614,1151021,62.4295638730668,False,48.42541462297797
2024-01-06 18:00:00,shard-002,1322326,42.26388334949452,501,8.00029290382379,3,3,HEALTHY,3.2858290504950616,0.45178052146665787,180,925628,40.33262891329594,False,53.642814652259645
2024-01-06 18:00:00,shard-003,1992581,56.74143212892722,328,12.377925958861212,3,3,HEALTHY,0.6058532530798288,0.2500956783169613,1676,1394806,71.43041225649783,False,44.80691610575584
2024-01-06 18:00:00,shard-004,992822,31.787137041610617,336,11.427517551712565,3,2,DEGRADED,6.623006472305761,0.17716219408763992,183,694975,60.31778151100686,False,44.57608083316484
2024-01-06 18:00:00,shard-005,1542703,46.77519970236449,227,8.315180102343914,3,3,HEALTHY,7.610689722570254,0.48897225944932654,831,1079892,78.92195684473562,False,65.92721613597024
2024-01-06 20:00:00,shard-001,1664736,49.263008938524656,897,6.741793797657981,3,2,DEGRADED,4.59111531675992,0.21837479041664679,245,1165315,21.92827139338308,False,62.11549219184315
2024-01-06 20:00:00,shard-002,1316341,42.275856705704534,567,3.484208202108354,3,3,HEALTHY,15.57716079797254,0.36398502294264795,454,921438,21.39166385407323,False,70.10836750280419
2024-01-06 20:00:00,shard-003,1966400,57.486878515971114,516,14.182866784820414,3,3,HEALTHY,4.063882571052108,0.01717302644308987,462,1376480,34.287691816533524,False,64.57639076926729
2024-01-06 20:00:00,shard-004,991079,31.92503140622165,356,14.566430470259562,3,2,DEGRADED,11.772508930090261,0.2773235213751431,420,693755,33.14557875277383,False,58.7704473751205
2024-01-06 20:00:00,shard-005,1541016,46.394309108480726,330,3.4484174821741016,3,2,DEGRADED,4.098686914711484,0.18658356679542049,805,1078711,62.46769226002784,False,69.82846962133443
2024-01-06 22:00:00,shard-001,1649565,50.004314928456225,679,4.973382819734766,3,3,HEALTHY,5.118454810837266,0.15714736747106486,1216,1154695,27.60904630527001,False,63.46903720249442
2024-01-06 22:00:00,shard-002,1327411,42.28595096692496,581,12.64012627749377,3,2,DEGRADED,8.518034057630668,0.3086029507542492,796,929187,30.884539881542647,False,40.25478457979522
2024-01-06 22:00:00,shard-003,1987834,56.89228058497483,381,3.0086978311464816,3,3,HEALTHY,2.785271507861773,0.06993956590392719,735,1391483,79.85395914252872,False,49.41245398936523
2024-01-06 22:00:00,shard-004,993855,31.951724781026833,472,13.16620691868503,3,3,HEALTHY,6.4054225139427245,0.1380013543080721,720,695698,92.98145202365714,False,69.41142484216702
2024-01-06 22:00:00,shard-005,1546451,46.47050121935075,306,12.564253857947882,3,3,HEALTHY,12.72598740857176,0.18142096955710793,367,1082515,63.87940849062779,False,42.114620087147486
2024-01-07 00:00:00,shard-001,1683738,50.624756477965306,598,6.736826229913128,3,3,HEALTHY,18.02308217201485,0.22221306325673176,299,1178616,90.05859869760383,False,46.39978729813245
2024-01-07 00:00:00,shard-002,1355933,43.72086167099667,400,8.833765670056174,3,3,HEALTHY,0.49540425081733286,0.26841673079490685,762,949153,83.90008497179532,False,71.35328115108521
2024-01-07 00:00:00,shard-003,2002337,58.686311454796375,592,10.263789775822262,3,2,DEGRADED,15.040357809427263,0.22588779801953,1566,1401635,45.481609130240386,False,54.950892474843016
2024-01-07 00:00:00,shard-004,1009134,32.16194040777549,238,13.073830181768843,3,2,DEGRADED,0.7277747875598117,0.08888177760662536,592,706393,32.30826298453914,False,66.88459307238315
2024-01-07 00:00:00,shard-005,1568925,47.755107946810405,358,3.516817043652479,3,3,HEALTHY,13.08908721735645,0.3437828053290209,240,1098247,73.80260042146048,False,69.93984372246427
